店號,店名,縣巿,地址,電話
257604,崇禮,基隆市,七堵區永富路55號,02-24554821
189075,永富,基隆市,七堵區永富路99號101號103號1樓,02-24557494
132415,正光,基隆市,七堵區自治街9號11號,02-24564983
171007,七堵,基隆市,七堵區明德一路174號,02-24562044
263713,新大慶,基隆市,中山區中和路168巷7弄13號15號1樓,02-24367046
261049,海洋,基隆市,中正區中正路609號1樓,02-24637174
279006,北寧,基隆市,中正區北寧路382號382-5號,02-24691825
284053,哨船頭,基隆市,中正區義一路83號1樓,02-24288846
236696,愛六,基隆市,仁愛區仁一路281號1樓,02-24265641
273536,新仁二,基隆市,仁愛區仁二路11號13號1樓,02-24264807
171155,新福成,基隆市,仁愛區仁二路84號86號1樓,02-24274348
280822,基隆南站,基隆市,仁愛區港西街5號1樓,02-24258526
277712,新長基,基隆市,安樂區安樂路二段161號,02-24336241
154840,武訓,基隆市,安樂區武訓街102號1樓,02-24329441
279914,瑞金,基隆市,安樂區基金三路75號75之1號1樓,02-24344408
187530,麥金,基隆市,安樂區基金三路80號80-1號1樓,02-34011778
236113,士東,台北市,士林區士東路42號1樓,02-28314732
132574,新士林,台北市,士林區大東路123號125號1樓,02-28835732
278933,豫鋒,台北市,士林區大南路322號,02-28832762
187758,東洋,台北市,士林區中山北路七段14巷19號Ｂ1,02-28753409
236962,天裕,台北市,士林區中山北路七段156號1樓,02-28724419
216072,新忠誠,台北市,士林區中山北路六段18號20號1樓,02-28314978
171764,福榮,台北市,士林區中正路220號222號,02-28330676
957193,福捷,台北市,士林區中正路235巷14號,02-28839690
210823,齊德,台北市,士林區天母西路85號1樓2樓,02-28745680
174028,三玉,台北市,士林區天母東路88之1號1樓,02-28744580
129372,天美,台北市,士林區天母東路8巷96號98號,02-28762701
195900,珍饌,台北市,士林區文林路126號1樓,02-28839937
960513,至善天下,台北市,士林區至善路二段264號,02-28830232
281205,至誠,台北市,士林區至誠路二段31號,02-28359740
275233,鑫成,台北市,士林區至誠路二段82號1樓,02-28346370
276225,海光,台北市,士林區延平北路五段35號37號39號,02-28167812
265650,集鑫,台北市,士林區延平北路六段229號231號,02-28113784
128807,德行,台北市,士林區忠誠路二段7號1樓,02-28341724
185567,兒樂,台北市,士林區承德路五段55號,02-28348349
216692,鑫港,台北市,士林區後港街210號,02-28836276
266066,冬樂,台北市,士林區美崙街114號,02-28344625
282426,文大,台北市,士林區格致路57號,02-28623443
121127,承河,台北市,士林區基河路132號1樓,02-28817180
253288,豐基,台北市,士林區基河路368號370號,02-28344187
896160,福芝,台北市,士林區福國路94號,02-28358739
216119,芝山,台北市,士林區福華路126號1樓,02-28316143
251293,德誠,台北市,士林區德行東路106號108號1樓,02-28344429
258032,德寶,台北市,士林區德行東路109巷106號,02-28315462
238511,德東,台北市,士林區德行東路262號1樓,02-28342488
155223,蘭雅,台北市,士林區德行東路6之2號1樓,02-28345909
279084,東吳,台北市,士林區臨溪路70號,02-28835820
264897,民族西,台北市,大同區民族西路151號153號155號,02-25954841
190938,延埕,台北市,大同區延平北路二段159號161號,02-25520267
241861,涼州,台北市,大同區延平北路二段258號,02-25501438
238382,延龍,台北市,大同區延平北路四段16號18號1樓,02-25969446
962542,大龍,台北市,大同區昌吉街72號74號76號及蘭州街135號,02-25947220
143677,長峰,台北市,大同區長安西路45之2號47號1樓,02-25556859
239787,詠樂,台北市,大同區迪化街一段13號全棟,02-25559848
992967,酒泉,台北市,大同區重慶北路三段258、260、262號1樓,02-25959849
283544,哈蜜,台北市,大同區重慶北路三段309、311號1樓,02-25970450
166049,慶吉,台北市,大同區重慶北路三段47號49號1樓,02-25954240
120526,圓泉,台北市,大同區酒泉街25號27號1樓,02-25997457
996523,篷萊,台北市,大同區寧夏路131-1號,02-25539665
260840,慶寧,台北市,大同區寧夏路23號23之1號,02-25569881
891176,靜中,台北市,大同區寧夏路71號73號,02-25529387
280213,信安,台北市,大安區大安路一段218號,02-27048829
241193,頂安,台北市,大安區大安路一段67號1樓,02-27787790
232454,敦南,台北市,大安區大安路一段83巷14號1樓,02-27115066
175032,中廣,台北市,大安區仁愛路三段25-1號27號,02-27526751
274160,建綸,台北市,大安區仁愛路四段151巷33號忠孝東路四段216巷32弄19號21號,02-27754237
255387,仁安,台北市,大安區仁愛路四段27巷1號,02-87732749
143253,頂好,台北市,大安區仁愛路四段79號1號,02-87714781
238533,合維,台北市,大安區四維路170巷8號1樓,02-27077030
202017,康福,台北市,大安區永康街12之2號1樓,02-23956851
238500,恆安,台北市,大安區永康街2巷12號1樓,02-23952535
273950,新國聯,台北市,大安區光復南路180巷12號,02-27752026
265155,靜安,台北市,大安區光復南路262號,02-27739618
274171,欣安和,台北市,大安區安和路一段47號,02-87730039
273927,敦安,台北市,大安區安和路一段86號,02-27081857
239732,臨江,台北市,大安區安和路二段67號,02-27844961
901293,立仁,台北市,大安區安和路二段74巷1號,02-27066660
894359,辛亥,台北市,大安區辛亥路二段57號,02-23630291
129350,黎元,台北市,大安區辛亥路三段157巷32號1樓臥龍街188巷1號1樓,02-23778253
285584,和泰,台北市,大安區和平東路一段169號,02-23915933
280176,溫東,台北市,大安區和平東路一段266號,02-23623019
171063,和金,台北市,大安區和平東路一段91號,02-23414965
196316,和樂,台北市,大安區和平東路三段228巷45號1樓,02-27326014
855572,和安,台北市,大安區和平東路三段230號,02-27355311
281146,富陽,台北市,大安區和平東路三段298號300號1樓,02-27373519
242668,和鑫,台北市,大安區和平東路三段38號1樓,02-27326448
128058,技安,台北市,大安區和平東路三段97號97之1號1樓,02-27375613
217271,延吉,台北市,大安區延吉街237號,02-27087348
957285,吉忠,台北市,大安區延吉街72號,02-87725413
963305,義村,台北市,大安區忠孝東路三段160號,02-27312912
996154,鳳翔,台北市,大安區忠孝東路四段216巷68號,02-87710411
232960,統領,台北市,大安區忠孝東路四段223巷9號1樓,02-87734754
265465,鑫忠孝,台北市,大安區忠孝東路四段313號1樓,02-27754406
959122,豐安,台北市,大安區東豐街9號,02-27542996
276638,麟光,台北市,大安區臥龍街252號及252之1號,02-27339761
166739,金華,台北市,大安區金華街140號1樓,02-23914326
167950,東門,台北市,大安區信義路二段198巷6號1樓,02-33224717
155083,鑫復,台北市,大安區信義路三段178號1樓,02-27085803
921633,大信,台北市,大安區信義路三段33號,02-27096471
959155,信中,台北市,大安區信義路三段99號1樓,02-27033810
236973,鑫通,台北市,大安區信義路四段294巷7號1樓,02-27018472
251271,花市,台北市,大安區建國南路一段274號,02-27552540
264266,龍延,台北市,大安區師大路59巷13號,02-23648913
972594,長星,台北市,大安區基隆路三段85號,02-27395493
279671,華電,台北市,大安區通化街177號,02-27329694
214858,通化,台北市,大安區通化街26之8號,02-27083071
251798,臨通,台北市,大安區通安街64號1樓,02-23258043
256519,大安復興,台北市,大安區復興南路一段247號,02-27016916
282769,敦頂,台北市,大安區敦化南路一段190巷10號1樓,02-27796271
274230,誠安,台北市,大安區敦化南路一段247巷12號1樓,02-27112781
276731,昇隆,台北市,大安區敦化南路二段238號,02-27328454
280969,敦禾,台北市,大安區敦化南路二段265巷6號1樓,02-27322654
283094,溫州,台北市,大安區羅斯福路三段245號,02-23626249
278265,羅鑫,台北市,大安區羅斯福路三段29號31號1樓,02-33652502
971867,鑫東一,台北市,中山區一江街11號13號,02-25815255
258113,中山大直,台北市,中山區大直街13號1樓,02-25337026
240019,晶鑽,台北市,中山區中山北路二段39巷8號1樓,02-25115092
265203,長城,台北市,中山區中山北路二段56號1樓,02-25233982
170989,天津,台北市,中山區天津街65號,02-25434306
227658,藍天樓,台北市,中山區北安路387號1樓,02-25336042
929006,欣旺,台北市,中山區北安路602之1號1樓604號1樓606號1樓,02-25321290
185051,新大直,台北市,中山區北安路621巷48號,02-25329890
241816,金鑽,台北市,中山區民權西路56號1樓,02-25418601
255011,權東,台北市,中山區民權東路三段71號73號1樓,02-25159982
166175,合江,台北市,中山區合江街58巷1號1樓60號1樓60之1號1樓,02-25054339
130394,吉林,台北市,中山區吉林路209號1樓2樓,02-25312934
255686,圓武,台北市,中山區吉林路24號之2一樓,02-25222464
196660,大吉,台北市,中山區吉林路97號99號1樓,02-25630883
229355,永明,台北市,中山區明水路397巷7弄41號1樓,02-25329445
160247,大永,台北市,中山區明水路581巷15號1樓,02-85098737
278438,長松,台北市,中山區松江路65號,02-25045817
209904,森泰,台北市,中山區林森北路358號360號,02-25681096
239215,森吉,台北市,中山區林森北路624號626號1樓,02-25958727
186559,國學,台北市,中山區長春路182號,02-25068651
164777,春龍,台北市,中山區長春路257號,02-25021405
209719,京旺,台北市,中山區南京東路一段92號1樓,02-25239652
167260,吉鑫,台北市,中山區南京東路二段11號1樓,02-25420316
991584,威克,台北市,中山區南京東路三段208號1樓,02-87738717
240754,國京,台北市,中山區南京東路三段21號1樓,02-25075809
194572,復錦,台北市,中山區復興北路348號1樓,02-25160812
242358,常榮,台北市,中山區復興北路514巷39號41號1樓,02-25000249
215943,明美,台北市,中山區敬業一路130號1樓,02-85011701
265775,樂明,台北市,中山區敬業一路56號,02-85015183
262927,稻江,台北市,中山區新生北路三段35號農安街67號69號,02-25850268
200804,鑫德惠,台北市,中山區德惠街15號1樓,02-25995347
214526,基河,台北市,中山區樂群二路206號1樓,02-85029131
190905,興復,台北市,中山區興安街112號一樓,02-25026965
996741,元大,台北市,中山區遼寧街110號1樓,02-25148676
235800,遼寧,台北市,中山區遼寧街160號1樓,02-25013476
956732,錦北,台北市,中山區錦州街8號,02-25418586
263757,錦龍,台北市,中山區龍江路281-1號,02-25080595
239547,榮星,台北市,中山區龍江路322號,02-25094506
956673,榮金,台北市,中山區龍江路384巷1號384巷3號,02-25013144
252481,德金,台北市,中正區八德路一段29號,02-23211677
214733,欣漢華,台北市,中正區中華路一段41號1樓,02-23613686
118899,掬華,台北市,中正區中華路二段405號407號,02-23375810
213648,微風1,台北市,中正區北平西路3號1樓,02-23142879
187057,鑫泉州,台北市,中正區汀州路一段285號一樓,02-23054054
278494,古亭,台北市,中正區汀州路二段210號,02-23646532
240411,同州,台北市,中正區同安街62號1樓,02-23677326
844860,晉江,台北市,中正區和平西路一段26號,02-23654771
185279,新愛國,台北市,中正區延平南路177號,02-23710027
258766,森光,台北市,中正區忠孝西路一段47號B1(櫃號KB111),02-23141016
248862,北車,台北市,中正區忠孝西路一段49號地下1樓(13號14號15號販賣店),02-23880571
242107,讚前,台北市,中正區忠孝西路一段50之1號地下街(8-2.8-3.8-4),02-23821142
874252,華山,台北市,中正區忠孝東路一段138號,02-23214407
252377,忠孝東,台北市,中正區忠孝東路一段72號76號1樓,02-23225861
896067,統聯,台北市,中正區忠孝東路二段130-2號130-3號,02-23579051
282208,千成,台北市,中正區林森南路4號之3,02-23577481
251835,重南,台北市,中正區武昌街一段1-2號1樓,02-23884895
263311,慶城,台北市,中正區武昌街一段18號1樓,02-23719815
216865,杭信,台北市,中正區信義路二段15號1樓,02-23584603
183309,鑫國語,台北市,中正區南昌路一段135號1樓,02-23584429
275897,南昌,台北市,中正區南昌路一段67號69號1樓,02-23971206
252218,羅昌,台北市,中正區南昌路二段206號1樓,02-23678289
236618,紹興,台北市,中正區紹興北街37號1樓,02-23224595
186157,大永博,台北市,中正區博愛路97號1樓,02-23826912
214984,開懷,台北市,中正區開封街一段15號17號1樓17號2樓,02-23617661
170299,開博,台北市,中正區開封街一段40號42號1樓,02-23119208
249669,牯嶺,台北市,中正區廈門街99巷19-2號1樓,02-23686248
279109,新南,台北市,中正區新生南路一段126-7號,02-23435207
118420,鑫重寧,台北市,中正區寧波西街86號1樓,02-33225836
184793,警廣,台北市,中正區廣州街10-2號10-3號10-4部分號1樓,02-23717603
996110,鑫大孝,台北市,中正區黎明里重慶南路一段1-1號一樓,02-23719010
119582,新格蘭,台北市,中正區衡陽路27號,02-23705929
202497,鑫衡陽,台北市,中正區衡陽路6號1樓,02-23316456
253897,慶陽,台北市,中正區衡陽路93號1樓,02-23707454
264875,濟新,台北市,中正區濟南路二段50號,02-33224217
260851,統新,台北市,中正區臨沂街27巷10號1樓,02-23944861
274089,羅亭,台北市,中正區羅斯福路二段68號,02-23929446
243052,西門站,台北市,中正區寶慶路32之1號地下一樓(捷運西門站),02-23885130
197043,墘都,台北市,內湖區內湖路一段669號,02-87977260
241001,港鑫,台北市,內湖區內湖路一段737巷35號,02-26270994
913621,馨瑩,台北市,內湖區內湖路一段91巷2號,02-26574995
239695,達人,台北市,內湖區內湖路二段249號251號,02-27945695
277620,金龍,台北市,內湖區內湖路二段407號409號411號1樓,02-87917475
136222,金湖,台北市,內湖區文湖街83號85號1樓,02-26583308
230207,銳陽,台北市,內湖區文德路22巷44弄6號8號1樓,02-27996570
261810,鑫文德,台北市,內湖區文德路99號1樓,02-87977622
250038,名寶,台北市,內湖區民權東路六段180巷17號19號,02-87914208
900636,德福,台北市,內湖區成功路四段30巷27號29號31號,02-27943371
253196,成湖,台北市,內湖區成功路四段346號,02-87910570
235051,鑫江南,台北市,內湖區江南街10號1樓,02-87513943
185888,彩龍,台北市,內湖區行善路35號1F,02-87902990
195704,金聯發,台北市,內湖區金龍路137號1樓,02-27941161
249212,金雲,台北市,內湖區星雲街136號,02-27945804
159454,瑞東,台北市,內湖區洲子街102號1樓,02-87514830
283430,康雲,台北市,內湖區康寧路一段160號,02-27922754
234483,紫雲,台北市,內湖區康寧路一段263號265號1樓,02-27932947
275358,紫新,台北市,內湖區康寧路一段34號,02-27949151
283500,康寧,台北市,內湖區康寧路三段26巷1號,02-26328942
882792,晏揚,台北市,內湖區康寧路三段99巷14號康寧路三段99巷12弄2號,02-26345565
196464,港華,台北市,內湖區港華街46號1樓,02-27997851
252883,富港,台北市,內湖區港墘路46號48號1樓,02-87512984
284721,紫陽,台北市,內湖區紫陽里陽光街159號,02-87512875
239628,里昂,台北市,內湖區瑞光路406號1樓,02-87514839
183996,瑞景,台北市,內湖區瑞光路583巷30號1樓,02-87513436
201841,日內瓦,台北市,內湖區瑞光路76巷59號1樓,02-87912964
255033,環湖,台北市,內湖區環山路一段70號,02-87974566
183572,華興,台北市,文山區木柵路一段284號286號1樓,02-29371244
855398,木柵,台北市,文山區木柵路二段157號,02-29371739
990053,新安康,台北市,文山區木柵路二段88號90號1樓興隆路四段26號,02-29361151
230090,木鳴,台北市,文山區木柵路三段115號117號1樓,02-29371077
273695,木盛,台北市,文山區木柵路三段88號,02-86611837
253347,博嘉,台北市,文山區木柵路四段117號119號1樓,02-82300388
211077,巨新,台北市,文山區木新路二段212號及木新路二段218巷2號4號,02-29373241
199290,文新,台北市,文山區木新路三段276號,02-22349624
119711,文山,台北市,文山區永安街22巷23號25號1樓,02-29368284
285517,辛亥站,台北市,文山區辛亥路四段132號,02-86639792
189695,文忠,台北市,文山區忠順街二段10號1樓,02-29379722
883544,金恩,台北市,文山區指南路二段149號,02-86617034
855354,添恩,台北市,文山區指南路三段8號10號,02-22343580
237644,景中,台北市,文山區景文里景文街96號98號,02-86637537
174888,景高,台北市,文山區景華里景興路14號,02-89316863
261452,景捷,台北市,文山區景福街252號,02-29316909
240260,景興,台北市,文山區景興路113號115號,02-29341840
885609,萬芳,台北市,文山區萬安街23號、25號、27號1樓,02-22390910
285159,萬美,台北市,文山區萬和街6號2樓之1,02-22398986
236803,北福興,台北市,文山區興旺里福興路20號,02-29350416
198286,興隆,台北市,文山區興隆路二段205號207號1樓,02-29304721
190042,羅斯福,台北市,文山區羅斯福路五段216號,02-29342178
229610,滬江,台北市,文山區羅斯福路六段270號,02-29308537
187286,西安,台北市,北投區大興街44號46號1樓,02-28949299
280589,薇閣,台北市,北投區中央北路一段108號,02-28944880
252942,復興崗,台北市,北投區中央北路二段68之2號68之3號,02-28949719
851721,一德,台北市,北投區中央北路四段513號,02-28984000
279811,北投奇岩,台北市,北投區中央南路二段31號1樓,02-28919349
278195,和業,台北市,北投區中和街10號,02-28951924
239145,北投,台北市,北投區中和街222號,02-28941151
280534,金和,台北市,北投區中和街314號316號1樓,02-28919043
197205,雙全,台北市,北投區中庸里大業路715-717號,02-28940338
250614,清江,台北市,北投區公館路165號1樓.165-1號B1,02-28950047
962209,新豪美,台北市,北投區文林北路98號100號,02-28233553
216991,百齡,台北市,北投區石牌路一段37號,02-28219107
186526,行義,台北市,北投區石牌路二段348巷1號3號1樓,02-28728452
962483,石捷,台北市,北投區石牌路二段8號,02-28208526
236401,立陽,台北市,北投區立農街二段299號1樓,02-28213079
195438,華碩二,台北市,北投區立德路115號3樓,02-28973924
993649,和信醫,台北市,北投區立德路125號1樓,02-28936831
234977,新和碩,台北市,北投區立德路150之3號B1F,02-28916241
230609,和碩,台北市,北投區立德路15號1樓,02-28919409
274780,光中,台北市,北投區光明路122號,02-28971043
230816,榮陽,台北市,北投區西安街一段345號1樓,02-28212601
167466,福瀛,台北市,北投區西安街二段345號1樓,02-28239491
283108,德致,台北市,北投區明德路87號89號1樓,02-28231984
241403,明華,台北市,北投區明德路99號,02-28262195
251477,泉源,台北市,北投區泉源路30號地下一樓,02-28975244
279095,安遠,台北市,北投區致遠二路149號,02-28261043
282161,天富,台北市,北投區富貴一路3號1樓,02-28226934
214607,擎天崗,台北市,北投區湖山路一段12號,02-28613652
238625,加賀屋,台北市,北投區溫泉路73巷5號地下二樓之1,02-28941650
170071,東華,台北市,北投區裕民一路40巷1號,02-28262900
264130,商城,台北市,北投區裕民六路111號113號1樓,02-28218731
960753,富邦,台北市,北投區實踐街22號24號,02-28214947
236984,懷得,台北市,北投區懷德街85號1樓,02-28279042
214799,新復勢,台北市,松山區八德路三段200號202號1樓,02-25785350
259976,吉德,台北市,松山區八德路三段74巷43號1樓,02-25792722
263539,新饒河,台北市,松山區八德路四段697號1樓,02-27632434
230355,松德,台北市,松山區八德路四段755號1樓,02-27470930
215758,朝福,台北市,松山區三民路115號,02-37652976
260862,市大,台北市,松山區市民大道路四段105號,02-87710481
282910,民復,台北市,松山區民生東路五段10號1樓,02-27479963
235855,東榮,台北市,松山區民生東路五段71號1樓,02-37655187
164803,東鑫,台北市,松山區民生東路四段55巷10號,02-27196327
199267,敦化,台北市,松山區民權東路三段160巷9號1樓,02-87129627
281180,京復,台北市,松山區光復北路11巷44號,02-27425644
173988,延壽,台北市,松山區延壽街422號,02-27622884
269629,延新,台北市,松山區延壽街91號93號,02-27457204
282507,敦巨,台北市,松山區南京東路四段25號25之1號,02-25454209
250359,健一,台北市,松山區健康路11號,02-25149369
184782,復春,台北市,松山區復興北路179號,02-27151190
275727,東復,台北市,松山區復興北路313巷25號,02-25472325
906209,樂得,台北市,松山區復興北路35號,02-27401886
241207,錢京,台北市,松山區敦化北路100號1樓,02-27177520
135643,松航,台北市,松山區敦化北路340-9號,02-25454821
883223,松饒,台北市,松山區慈祐里八德路四段767號769號,02-27475146
254890,松慶,台北市,松山區慶城街1號1樓,02-25450149
210694,松祐,台北市,松山區饒河街90號1樓,02-27460125
253624,春光,台北市,信義區大道路9號11號1樓,02-27590205
253130,後山埤,台北市,信義區中坡北路11號1樓,02-87857818
151335,仁和,台北市,信義區正和里光復南路419巷41號,02-87891891
252975,永吉,台北市,信義區永吉路217號1樓2樓及219號1樓,02-27563192
135241,永信,台北市,信義區永吉路30巷103號,02-27469874
130132,敦厚,台北市,信義區永吉路30巷168弄1號1樓,02-27677884
240569,總站,台北市,信義區吳興街486號488號1樓,02-27585386
268408,新工農,台北市,信義區忠孝東路五段236巷6號.6-1號1樓,02-87861674
262961,捷忠,台北市,信義區忠孝東路五段617號,02-87856027
241148,松鐵,台北市,信義區松山路11號B1樓,02-27425950
239455,北府,台北市,信義區松仁路162號164號1樓,02-27586295
284813,松仁,台北市,信義區松仁路213號,02-27299057
195807,富比世,台北市,信義區松仁路246號248號1樓,02-27202571
282851,松錢,台北市,信義區松隆路192號194號1樓,02-27658380
238360,德鄰,台北市,信義區松德路127號129號1樓,02-27272819
281375,信德,台北市,信義區松德路200巷10號,02-23455160
264923,慶林,台北市,信義區虎林街151號153號1樓,02-87864998
993041,松高,台北市,信義區基隆路一段141號1樓,02-27670810
190330,必成,台北市,信義區基隆路一段178號180號1樓,02-27640912
238289,中興,台北市,信義區基隆路二段22號,02-27586997
279475,留公,台北市,信義區福德街247號249號,02-27591442
279486,信福,台北市,信義區福德街308號310巷1號,02-27273047
235202,廣林,台北市,信義區福德街84巷52號1樓,02-27590396
243339,廣鳴,台北市,信義區福德街88號90號,02-27598850
241584,馥樺,台北市,南港區三重路23號1樓,02-26521390
121622,玉德,台北市,南港區玉成街150號1樓,02-27863772
148100,向揚,台北市,南港區向陽路166號1樓,02-27831061
257497,港麗,台北市,南港區忠孝東路七段299號,02-26518390
144326,港泰,台北市,南港區忠孝東路七段359號1樓,02-26512992
188326,雄強,台北市,南港區忠孝東路六段276號,02-26516017
978628,林坊,台北市,南港區東新街80巷1號108巷2弄30號,02-27893961
166843,港高鐵,台北市,南港區南港路一段313號B2,02-26517743
170864,鵬馳,台北市,南港區南港路三段49-1號,02-27833783
896458,耀港,台北市,南港區研究院路一段99號1樓之14,02-27881332
185822,研究,台北市,南港區研究院路二段14號,02-26511171
240237,庄研,台北市,南港區研究院路二段152號1樓,02-26539357
277387,胡適,台北市,南港區研究院路二段94號96號98巷1號,02-26512201
142870,華技,台北市,南港區研究院路三段72號74號1樓,02-27835010
209269,重陽,台北市,南港區重陽路179號181號1樓,02-27834391
258641,三井,台北市,南港區經貿二路131號(B1-01300櫃位),02-26534946
197375,港捷,台北市,南港區經貿二路1號,02-26519408
138815,聯成,台北市,南港區聯成里昆陽街150-1號150-3號,02-27893542
248909,中寧,台北市,萬華區中華路二段602-1、602-2號1樓,02-23014902
239411,凱富,台北市,萬華區西園路一段278號1樓,02-23024836
251400,西寧南,台北市,萬華區西寧南路141號1樓2樓,02-23831295
119146,漢寧,台北市,萬華區西寧南路85號,02-23899050
280958,國雙,台北市,萬華區西藏路125巷17號及129-9號,02-23390812
190927,漢陽,台北市,萬華區昆明街197號199號1樓,02-23310744
286299,世運,台北市,萬華區昆明街81號83號,02-23753064
238027,萬忠,台北市,萬華區東園街28巷56號58號,02-23034250
996372,鑫武昌,台北市,萬華區武昌街二段57號1樓,02-23314737
149321,新起,台北市,萬華區長沙街二段87號1樓,02-23147269
148052,青園,台北市,萬華區青年路18號1樓,02-23012464
214397,新峨嵋,台北市,萬華區峨嵋街111之2號之3號,02-23704539
281021,桂明,台北市,萬華區桂林路55號,02-23892844
166876,萬東,台北市,萬華區萬大路486巷61號63號65號1樓,02-23379121
251020,大華,台北市,萬華區萬大路495號497號,02-23390762
241311,克難,台北市,萬華區萬青街168號,02-23379081
197559,捷盟,台北市,萬華區漢中街51號,02-23895672
235556,鑽寶,台北市,萬華區興義街41號.43號,02-23037525
187781,華江,台北市,萬華區環河南路二段200號1樓,02-23088154
283511,雙環,台北市,萬華區環河南路二段207號,02-23361021
279305,鑫寶,台北市,萬華區寶興街 43號45號1樓,02-23057962
165390,西雅圖,新北市,八里區中山路二段151號153號1樓,02-86305421
242897,Fresh橋港,新北市,八里區商港八路1號1樓,02-26194572
238979,左岸,新北市,八里區龍米路二段230號之1號之2號1樓,02-26108502
207746,浩瀚,新北市,八里區龍形二街2-11號,02-26185995
195302,大立,新北市,三重區力行路一段184號186號1樓,02-29860146
275521,田豐,新北市,三重區三民街150.152號,02-29840325
237792,匯和,新北市,三重區三和路四段390巷2號,02-22865428
273765,荷運,新北市,三重區三和路四段97號.97之1.97之2號1樓,02-22809692
198954,重樂,新北市,三重區三信路196號1樓,02-28559436
252388,集吉,新北市,三重區三賢街61號63號1樓,02-28570294
171568,下竹圍,新北市,三重區下竹圍街26號,02-22800646
212243,大心,新北市,三重區大同北路148巷2-1號1.2樓和2-2號,02-29882614
122773,重智,新北市,三重區大智街195號,02-29869556
263333,日揚,新北市,三重區中正北路18之2號之3號之4號1樓,02-89852787
260976,里春,新北市,三重區中正南路125、127號1樓,02-29741095
279073,新洛華,新北市,三重區中華路113號115號,02-29844685
274997,興頂,新北市,三重區中興北街177號,02-29990814
147440,重華,新北市,三重區五華街181號185號1樓,02-28579451
991654,仁仁,新北市,三重區仁愛街50號,02-29763564
996969,天勝,新北市,三重區仁愛街687、689號1樓,02-28571747
276465,元富,新北市,三重區仁義街106、108、110號,02-29869074
971100,百義,新北市,三重區仁義街232號,02-89859414
266446,元信,新北市,三重區元富一街45號47號1樓2樓,02-29878237
893873,文興,新北市,三重區文化南路7號,02-89727842
208473,義強,新北市,三重區正義北路131.133號,02-29813001
128863,三安,新北市,三重區正義北路235號,02-29835596
274296,正陽,新北市,三重區正義北路386號388號,02-29822396
962586,平安,新北市,三重區正義北路51號,02-29871687
275026,義北,新北市,三重區正義北路8號1樓,02-29812234
179632,合康,新北市,三重區永福街179之1及179之2號1樓,02-22807405
251086,集興,新北市,三重區光明里24鄰集美街202號,02-29743480
159465,三好,新北市,三重區自強路四段102號104號1樓,02-89857653
888158,明益,新北市,三重區忠孝路三段61號,02-89882175
279327,集美,新北市,三重區集美街107號,02-29772012
158945,美慈,新北市,三重區慈愛街52號,02-22860963
173667,前瞻,新北市,三重區新北大道二段258號,02-29996424
119032,幸亞,新北市,三重區溪尾街29號,02-89853160
281157,重富,新北市,三重區溪尾街321號323號1樓,02-28571641
279796,美圳,新北市,三重區過圳街14.16號1樓,02-29862234
264211,三田,新北市,三重區福田里三民街274號276號1樓,02-29897011
165611,福運,新北市,三重區福德北路57號59號1樓,02-29741171
274517,環德,新北市,三重區福德南路38號1樓,02-29769304
957333,天龍,新北市,三重區龍門路217號219號221號,02-29775504
280844,龍濱,新北市,三重區龍濱路207號209號,02-29769472
278298,新北大,新北市,三峽區大學路156號1樓,02-26714880
257866,三峽大學路,新北市,三峽區大學路67號69號1樓,02-26739278
230399,山富,新北市,三峽區中山路9號1.2樓,02-86714574
111913,天下,新北市,三峽區中正路一段110號112號1樓,02-26713245
199854,三角湧,新北市,三峽區中正路二段200號,02-86722785
279051,民昇,新北市,三峽區民生街136號,02-86713134
250670,中園,新北市,三峽區民權街235號1樓,02-86715297
861131,綠洲,新北市,三峽區鳶山里12鄰中山路186號1樓,02-26717933
187482,北大成,新北市,三峽區學成路301號303號1樓,02-86713490
281766,學勤,新北市,三峽區學勤路105號及大德路211號1樓,02-86721564
275495,皇翔,新北市,土城區中央路一段88號1樓、裕民路10-1號.10號.8-1號.8號,02-22645433
217259,高峰,新北市,土城區中央路二段187號,02-22704792
244365,土城,新北市,土城區中央路三段42-1號1樓,02-22678704
282080,虹海,新北市,土城區中央路四段109號111號1樓,02-22678273
164375,忠華,新北市,土城區中華路一段185號187號1樓,02-22629661
158646,立金,新北市,土城區立德路70號72號,02-22603255
286244,光員,新北市,土城區光明街15號,02-22669197
141969,新亞洲,新北市,土城區亞洲路110號112號1樓,02-22693503
209616,利吉,新北市,土城區延吉街261號,02-82731949
259725,新延,新北市,土城區延和路123號125巷1號,02-82732823
214180,承天,新北市,土城區承天路1號,02-22687436
239075,德城,新北市,土城區明德路一段139號141號,02-22648474
276753,新裕生,新北市,土城區裕民路57號及55巷2號,02-22632523
209627,海廷,新北市,土城區裕民路92巷22弄2號1樓,02-22707430
126823,新紫城,新北市,土城區福安街38號40號,02-22681974
237105,隆城,新北市,土城區學士路15巷2號17號1樓,02-22647617
266479,城林,新北市,土城區學成路18號20號,02-22706691
284477,學裕,新北市,土城區學成路91巷2號93號1樓,02-22663508
253565,學城,新北市,土城區學府路一段118號,02-22652690
236308,展龍,新北市,土城區學府路二段265號、學海街307號,02-82732504
233136,華夏,新北市,中和區工專路110號112號1樓112號2樓,02-89434958
126775,水源,新北市,中和區中山路二段62號,02-22477245
144717,環冠,新北市,中和區中山路三段118之6之7之8號,02-22287912
174590,世紀,新北市,中和區中正路710號1樓K棟,02-82278576
285355,日昇,新北市,中和區中和路326號1樓,02-29273961
283120,日福,新北市,中和區中和路380號,02-29209816
252492,鑫左岸,新北市,中和區中原街120號122號1樓,02-22254620
895710,富興,新北市,中和區中興里復興路277-1號279號,02-22404174
200837,德偉,新北市,中和區中興街162號164號,02-22429271
238245,景旺,新北市,中和區成功路1號,02-29485754
276627,自立,新北市,中和區自立路15巷13號15號1樓,02-29419487
216739,福和,新北市,中和區秀明里大勇街25巷1號1樓,02-29408207
263481,宜安,新北市,中和區宜安路103號1樓,02-29415661
240329,中安,新北市,中和區宜安路62號66號,02-29459706
277756,建一,新北市,中和區建康路101號,02-32343779
253613,員新,新北市,中和區員山路504號,02-22215243
981990,全茂,新北市,中和區連城路469巷9號11號,02-82286711
263115,和復,新北市,中和區復興路19號,02-29431063
261382,連勝,新北市,中和區景平路513號連勝街1號,02-22423559
187910,福真,新北市,中和區景平路679號681號,02-82452305
274067,景山,新北市,中和區景安路211號213號1樓,02-29469062
277734,景陽,新北市,中和區景新街29號31號33號,02-22433194
263470,禧緻,新北市,中和區華新街156號,02-29448161
163877,連通,新北市,中和區圓通路293號,02-22446708
275716,德旺,新北市,中和區壽德街22號1樓,02-29648813
951313,福勝,新北市,中和區福祥路156號158號,02-22499480
165703,福泰,新北市,五股區五福路49號51號1樓,02-22933841
962380,大五股,新北市,五股區成泰路二段81號,02-22953630
985671,利客來,新北市,五股區成泰路三段419號,02-22953384
254281,成曜,新北市,五股區凌雲路一段87號89號91號1樓,02-82921773
921149,登福,新北市,五股區登林路76之3號,02-82952765
255941,垶岳,新北市,五股區新五路二段281號1樓及夾層,02-22951274
144359,平溪,新北市,平溪區靜安路二段338號340號,02-24952040
189765,永平,新北市,永和區中山路一段149至153號,02-29279417
188197,仁愛,新北市,永和區仁愛路128號130號1樓,02-22316781
238898,仁寶,新北市,永和區仁愛路266號1樓,02-29272401
211169,園和,新北市,永和區仁愛路267號269號,02-29263845
930981,龍馬,新北市,永和區文化路188號,02-22323194
277871,永和,新北市,永和區文化路7號,02-29291091
238876,有民,新北市,永和區民有街9號11號1樓,02-29495640
181473,永權,新北市,永和區民權路32號34號1樓,02-29440937
265395,新永元,新北市,永和區永元路28號30號,02-29273661
281009,宇陽,新北市,永和區永利路77號,02-29252456
251570,富朋,新北市,永和區永和路二段116號,02-29211897
978606,昇庚,新北市,永和區永貞路182號184號,02-82317044
236319,成金,新北市,永和區成功路二段147號149號1樓,02-29407020
262547,永竹,新北市,永和區竹林路172號174號1樓,02-29266730
810410,永興,新北市,永和區竹林路98號,02-29215441
284145,復美,新北市,永和區秀朗路一段146號,02-29293764
872061,孟揚,新北市,永和區林森路62號,02-29235080
234232,宏圖,新北市,永和區保平路10號12號1樓,02-29265281
281478,新保捷,新北市,永和區保生路22巷2號1樓,02-82316627
860655,保生,新北市,永和區保安里保生路1號1樓,02-22314015
152062,元坊,新北市,永和區保安路134號136號,02-29285539
251318,秀和,新北市,永和區國中路99號101號,02-22323741
263012,北福,新北市,永和區福和路121號1樓2樓,02-89211047
234760,宗美,新北市,永和區福和路76巷2號4號1樓,02-89255722
912282,保鑽,新北市,永和區潭墘里安樂路138號140號,02-29453250
240765,昇陽,新北市,永和區雙和里1鄰中和路417號419號,02-22311802
959292,智慧,新北市,汐止區大同路二段281號,02-86421397
263377,汐旺,新北市,汐止區中興里6鄰中興路105號,02-26934931
148753,社后,新北市,汐止區中興里中興路190號,02-26943031
164456,福仁,新北市,汐止區仁愛路143號1樓福安街51號1樓,02-26496368
174121,汐峰,新北市,汐止區仁愛路32號34號1樓,02-26429873
277686,橫科,新北市,汐止區民權街二段28號1樓,02-26608131
277745,白雲,新北市,汐止區民權街二段79號1樓,02-26606510
215611,實萬,新北市,汐止區汐萬路二段248號1樓,02-26461145
167732,湖前,新北市,汐止區明峰街120號1樓,02-26958128
250429,旭泰,新北市,汐止區建成路57巷1號3號,02-26414436
230562,鑫東冠,新北市,汐止區康寧街459巷3號1樓2樓5號1樓,02-26949521
274861,汐興,新北市,汐止區連興街150號152號1樓,02-26414578
240972,鄉長,新北市,汐止區鄉長路二段16號,02-26917900
251846,青山,新北市,汐止區新興路83-2號,02-86423480
199038,汐福,新北市,汐止區福德一路243號,02-26949011
239400,樟福,新北市,汐止區樟樹一路256號258號1樓,02-26434449
891006,潤安,新北市,汐止區龍安路32號,02-26485573
257899,坪林北宜,新北市,坪林區北宜路八段229.231號1樓,02-26658148
243236,板樂,新北市,板橋區三民路二段35巷11號1樓,02-29640581
284765,板府,新北市,板橋區中山路一段158巷4號6號1樓,02-29625901
282172,家豐,新北市,板橋區中山路二段137號1樓,02-29573209
278911,佳翰,新北市,板橋區中山路二段170號,02-29635853
228112,墩璞,新北市,板橋區中正路106號1樓,02-89697016
921998,緯中,新北市,板橋區中正路21號23號,02-29657833
216153,正華,新北市,板橋區中正路274號276號,02-29681440
278335,板橋中正,新北市,板橋區中正路379巷3弄1號3號,02-29664058
891730,佑容,新北市,板橋區五權里五權街49號51號,02-29595675
241034,板依,新北市,板橋區文化路一段188巷38號40號1樓,02-22569422
211413,丁煌,新北市,板橋區文化路二段227號、229號1樓,02-22554780
199474,江翠,新北市,板橋區文化路二段417巷8號1樓10號1樓2樓,02-22540316
239662,文聖,新北市,板橋區文聖街64號1樓.松柏街96號1樓,02-22589508
198910,新海,新北市,板橋區文德里新海路138號,02-82525425
209074,華川,新北市,板橋區四川路二段245巷11.13號1樓,02-89668730
167846,板維,新北市,板橋區四維路345號347號1樓,02-22546684
264026,埔站,新北市,板橋區民生路二段237號1樓,02-22555748
276007,埔運,新北市,板橋區民生路三段40號42號1樓,02-82524260
148948,板權,新北市,板橋區民權路198、200號,02-22720703
262684,埔墘,新北市,板橋區永豐街87號1樓,02-29614894
243878,漢光,新北市,板橋區光正街12號1樓,02-29653875
278232,光環,新北市,板橋區光環路二段68號70號1樓,02-29647641
243937,大合宜,新北市,板橋區合宜路173號1樓,02-29685371
262802,板宏,新北市,板橋區宏國路109.111號,02-22597549
285322,廣和,新北市,板橋區和平路101巷1號,02-29525457
924665,國和,新北市,板橋區和平路29號,02-89526934
273776,府中,新北市,板橋區府中路82號84號1樓,02-29654479
275576,板慶,新北市,板橋區忠孝路37號1樓,02-29556584
872441,千群,新北市,板橋區東丘里民享街53號,02-89612979
174992,金林,新北市,板橋區金門街303號305號,02-26843135
284949,板安,新北市,板橋區長安街202.204號,02-29514455
259323,富海,新北市,板橋區長江路一段6號,02-22573656
158602,英海,新北市,板橋區雨農路50號1樓、英士路51巷1號1樓,02-22511636
262813,坤耀,新北市,板橋區南門街39號1F,02-22723226
281515,遠揚,新北市,板橋區南雅南路二段124號及二段142巷12號1樓,02-89664602
260747,秋雅,新北市,板橋區南雅南路二段144巷14號1樓,02-89669323
265041,府運,新北市,板橋區重慶路18號20號1樓,02-29640712
236733,慶中,新北市,板橋區重慶路194號光明街91號1樓,02-29577176
260105,重慶,新北市,板橋區重慶路75號75號之2 一樓,02-29570341
243096,幸運,新北市,板橋區區運路78號80號1樓,02-29627165
216304,大庭,新北市,板橋區國光里6鄰國光路65號1樓,02-29607369
252034,國庭,新北市,板橋區國光路1號3號1樓,02-29651700
865269,議會,新北市,板橋區莊敬路60號,02-22542852
953087,萬板,新北市,板橋區莒光路221號223號,02-22519201
241735,華雅,新北市,板橋區華東街270號1樓,02-29645242
275705,華貴,新北市,板橋區貴興路85號87號1樓,02-29645590
279545,維陽,新北市,板橋區陽明街158號160號1樓,02-22544725
228260,新府,新北市,板橋區新府路75號B2樓,02-29689814
231509,樹溪,新北市,板橋區溪北路43.45號1樓,02-26867092
126890,瑞新,新北市,板橋區瑞安街75號,02-89683252
207919,吉翠,新北市,板橋區裕民街53號1.2樓和55號,02-82570537
968089,新僑中,新北市,板橋區僑中一街124巷3弄3號,02-29694324
264602,僑興,新北市,板橋區僑中二街116巷2號.4號,02-82752965
276292,心心,新北市,板橋區實踐路105號107號,02-29584608
115823,雅盛,新北市,板橋區漢生東路181號183號1樓,02-29568540
195977,育軒,新北市,板橋區漢生東路268號270號1樓,02-29517986
950745,漢東,新北市,板橋區漢生東路309號,02-29534142
280659,民族,新北市,板橋區福祿里民族路310號,02-29575939
910688,糧驛,新北市,板橋區德翠里龍泉街93號、95號1樓,02-22562936
119397,館東,新北市,板橋區館前東路15、15之1、17號1樓,02-29560071
274827,館慶,新北市,板橋區館前東路26號1樓,02-29514559
158691,瑞林,新北市,板橋區龍翠里大同街52號,02-22588414
844907,龍翠,新北市,板橋區雙十路二段138之1號138之2號,02-22538130
217204,懷翠,新北市,板橋區懷德街203號205號1樓,02-22504367
252333,霖口,新北市,林口區中山路250號250之3號1樓,02-26032893
250898,正翔,新北市,林口區中正路285.287號,02-26014007
284710,愛鄉,新北市,林口區仁愛路二段140號142號1樓,02-86012278
228983,林旺,新北市,林口區仁愛路二段196號1樓,02-86019016
252698,遠來,新北市,林口區仁愛路二段510號1樓,02-26017102
174165,德聖,新北市,林口區公園路17號,02-26090148
250533,立軒,新北市,林口區文化一路一段200號202號1樓2樓,02-26018410
251433,德園,新北市,林口區文化二路一段120巷1之1號,02-26068918
256678,林口三井,新北市,林口區文化二路一段123號1樓,02-26069475
279431,安林,新北市,林口區文化二路一段24號26號,02-26082671
264967,長曜,新北市,林口區文化三路一段249巷36號.38號1樓,02-26068451
968023,采鋺,新北市,林口區文化三路一段368號,02-26007384
254856,旺來,新北市,林口區文化三路二段20號1樓,02-86014442
281065,幸福市,新北市,林口區文化三路二段302號1樓,02-26022319
197386,麗寶,新北市,林口區文化北路一段301號1樓,02-26002592
286163,卿斳,新北市,林口區竹林路48號,02-26015984
119571,香賓,新北市,林口區忠孝路382號1樓,02-26088040
285551,東學,新北市,林口區東湖路100號1樓,02-26016049
966603,興林,新北市,林口區南勢村南勢街278號280號,02-26009072
238902,金美,新北市,金山區中山路143號145號,02-24985386
262581,公園賞,新北市,泰山區仁愛路66號,02-85315095
189503,羚陽,新北市,泰山區泰林路二段304號1樓,02-29000858
265856,輔醫,新北市,泰山區貴子路57號(右半)61號63號1樓,02-29019505
277468,泰山,新北市,泰山區楓江路22號24號,02-22975073
230964,摩天灣,新北市,淡水區中山北路一段257號1樓,02-26252063
275303,金滬,新北市,淡水區中山路66號1.2樓.66-1號1樓,02-26223092
277859,海正,新北市,淡水區中正東路一段113號115號115-1號,02-26256490
900429,金寶,新北市,淡水區中正路169號,02-26297608
236021,源豐,新北市,淡水區水源街一段118號1樓,02-26210931
265269,源德,新北市,淡水區水源街一段75-2號1樓,02-26265872
961778,淡欣,新北市,淡水區水源街二段104號,02-26210745
150860,鑫鑫,新北市,淡水區水源街二段76號、76-1號,02-26262742
981347,巧立,新北市,淡水區北新路184巷57號59號1樓,02-86311635
170107,金星,新北市,淡水區北新路65號,02-26260905
252919,立竹,新北市,淡水區民族路58號1樓2樓,02-88092553
241089,竹圍,新北市,淡水區民權路109號111號1樓,02-28091574
261795,竹捷,新北市,淡水區竹圍里民族路10號,02-28085610
282091,吉發,新北市,淡水區自強路275號,02-28084565
282770,武強,新北市,淡水區自強路375號1樓,02-28095608
282286,鯊魚,新北市,淡水區沙崙路196號,02-28052232
112400,金崙,新北市,淡水區沙崙路24號1樓,02-28055104
238603,布拉諾,新北市,淡水區坪頂路56-8號56-9號1樓,02-86269823
228802,英專,新北市,淡水區英專路91號,02-26215261
956341,金旦,新北市,淡水區淡金路三段254號256號258號,02-26213108
131179,新市鎮,新北市,淡水區新市一路三段18號1樓,02-26228481
263702,新真理,新北市,淡水區新民街102號104號,02-26292848
972918,皇后,新北市,淡水區新春街87號,02-26200724
985604,淡江,新北市,淡水區學府路207號,02-26204950
285469,愛琴灣,新北市,淡水區濱海路一段430號432號,02-26239285
233217,鑫浦深,新北市,深坑區文化街116號118號1樓,02-26628761
237172,平埔,新北市,深坑區文化街82號,02-26645195
187622,北深,新北市,深坑區北深路二段183號,02-26640166
255963,深坑埔新,新北市,深坑區北深路二段57.59.61號,02-26629460
963567,埔昇,新北市,深坑區埔新街63號65號1樓,02-26645677
286152,福德,新北市,新店區三民路179號1樓,02-29139545
250740,美河,新北市,新店區三民路35巷2號,02-29182854
188278,百福,新北市,新店區三民路50號52號1樓,02-29160810
996121,連豐,新北市,新店區大豐路12號,02-89116434
264680,新福民,新北市,新店區中央路135號1樓,02-22196485
261717,小碧潭,新北市,新店區中央路157號1樓,02-89136445
275989,真親切,新北市,新店區中央路212號214號,02-22199322
996903,百和,新北市,新店區中正路306號308號1樓,02-29128626
258249,新店中正,新北市,新店區中正路396號398號,02-22186254
189905,正民,新北市,新店區中正路508號1樓,02-82193475
263355,嶄新,新北市,新店區中正路57-2號1樓,02-89146919
264325,正鵬,新北市,新店區中正路688號690號1樓,02-86672490
278623,楓華,新北市,新店區中華路20號1樓,02-89115356
263344,中行,新北市,新店區中興路一段193號195號1樓,02-29128620
282574,五峰,新北市,新店區中興路一段252號,02-29105740
277343,鎮鑫,新北市,新店區中興路一段289號,02-89146427
244011,裕隆城,新北市,新店區中興路三段70號,02-89145047
212461,銀河,新北市,新店區北宜路二段269號271號,02-22179313
276801,北宜,新北市,新店區北宜路二段82-2號82-3號1樓,02-22174891
217237,冠冠,新北市,新店區北新路一段231號1樓新生街1號1樓,02-29131493
170705,北新,新北市,新店區北新路一段289號291號,02-29152711
266457,慶忠,新北市,新店區北新路二段121巷1號,02-29117063
235877,七張站,新北市,新店區北新路二段152巷2號,02-89147446
279110,雙鑫,新北市,新店區北新路二段169號,02-86658848
239329,寶新,新北市,新店區北新路二段57號,02-29137463
256715,新店豐和,新北市,新店區央北一路100號,02-22184796
211147,百建,新北市,新店區民族路239號241號1樓,02-29184510
906748,同仁,新北市,新店區民權路96號,02-22187490
991333,新明,新北市,新店區光明街140號,02-29127361
229322,能仁,新北市,新店區光明街38號,02-29106181
195896,安博,新北市,新店區安民街154號154-1號1樓,02-22125845
164685,凡賽絲,新北市,新店區安民街290號292號1樓,02-22120010
110998,百豐,新北市,新店區安康路一段168號1樓,02-86669386
275613,康曜,新北市,新店區安康路三段41號1樓,02-22158391
256232,新店雙城,新北市,新店區安康路三段96號,02-22151078
250290,安康,新北市,新店區安德街70號72號1樓+2樓,02-22124641
197434,安德,新北市,新店區安德街8號10號12號1樓,02-22125348
260563,萊茵,新北市,新店區竹林路30巷1號.3號1樓,02-22174019
155566,新順安,新北市,新店區順安街51號53號1樓,02-29118504
980090,新燕,新北市,新店區新烏路二段382號384號1樓,02-26667848
173841,寶強,新北市,新店區寶中路88號1樓,02-89145258
958901,寶中,新北市,新店區寶慶街66號,02-86653843
273916,新寶橋,新北市,新店區寶橋路192號,02-89145826
199821,寶科,新北市,新店區寶橋路235巷5號1樓,02-89118174
283418,寶隆,新北市,新店區寶橋路69號1樓,02-29175990
152132,寶福,新北市,新店區寶橋路78巷3號1F,02-86653467
228226,寶興,新北市,新店區寶橋路88號1樓,02-29162045
143688,統客,新北市,新店區寶興路49號,02-29143624
275082,都峰苑,新北市,新莊區中央路686號1樓,02-85218624
965220,輔明,新北市,新莊區中正路514巷99號,02-29028207
960535,輔大,新北市,新莊區中正路516-1號,02-29026304
275761,莊和,新北市,新莊區中和街34.36號,02-29902262
264783,榮信,新北市,新莊區中原里中榮街25鄰90號92號1樓,02-29963682
872108,花旗,新北市,新莊區中港路132巷26號,02-89918896
262721,中港,新北市,新莊區中港路133號,02-29978073
276100,港義,新北市,新莊區中港路527號1樓.中義街2號1樓,02-22766035
233631,上利,新北市,新莊區中德路27號.29號1樓,02-85217449
192602,九州,新北市,新莊區五工二路60號62巷1號,02-22984540
982627,新福圓,新北市,新莊區五工三路93號1樓,02-22984180
285665,新茂,新北市,新莊區化成路118號120號,02-29900950
957355,莊成,新北市,新莊區化成路354號,02-29947258
132633,添祥,新北市,新莊區天祥街22號24號1樓,02-29012645
893448,采旺,新北市,新莊區天祥街74號,02-29087919
921714,西盛,新北市,新莊區民安西路113號之1,02-22084323
934776,光華,新北市,新莊區民安西路388、388-1、390、390-1號,02-22073795
209812,富信,新北市,新莊區自信街46.48號1樓,02-29943073
239754,茂源,新北市,新莊區思源路40-1號,02-29949736
265018,安復,新北市,新莊區復興路一段213號,02-29971153
253129,莊泰,新北市,新莊區新泰路21號,02-22023295
281434,弘安,新北市,新莊區萬安街82號84號,02-22035994
207975,源福,新北市,新莊區福壽街29.31號,02-29949096
274573,福德三,新北市,新莊區福德三街70號72號1樓,02-85212274
194505,美福,新北市,新莊區頭興街186號188號,02-29909254
252399,雙鳳,新北市,新莊區雙鳳路114號1樓,02-29081398
274078,瑞信,新北市,瑞芳區民生街23號1樓,02-24063884
274447,瑞濱,新北市,瑞芳區海濱路157號1樓,02-24972897
217112,九份,新北市,瑞芳區基山街3號,02-24061659
255826,新野柳,新北市,萬里區港東158號,02-24926282
238326,友勤,新北市,樹林區大有路65號1樓,02-89701627
151003,大智通,新北市,樹林區佳園路二段70-1號,02-26685036
253901,樹東,新北市,樹林區東榮街91巷2弄2、4號1樓,02-86869571
111946,城雅,新北市,樹林區學成路519號1樓,02-89706098
276030,樹新,新北市,樹林區樹新路245號,02-26812205
990639,新吉麗,新北市,蘆洲區中山一路204號1樓,02-22889790
199061,蘆讚,新北市,蘆洲區中山二路184號,02-82854801
215622,蘆正,新北市,蘆洲區中正路261號,02-22827244
155393,雙華,新北市,蘆洲區中華街39號、中華街35巷6號1樓,02-28488245
260149,正和,新北市,蘆洲區正和街87號89號一樓,02-82811841
871482,統吉,新北市,蘆洲區永平街32巷12弄1號,02-22897033
110552,蘆荻,新北市,蘆洲區永康街1巷35號1樓,02-82862547
264978,光明,新北市,蘆洲區光明路71號,02-82861947
217190,盛發,新北市,蘆洲區光復路10號,02-82867631
113285,民欣,新北市,蘆洲區光榮路63號65號67號,02-28473454
187046,泰星,新北市,蘆洲區成功里長安街276號,02-82853450
113388,華安,新北市,蘆洲區長安街107號,02-28480247
284008,蘆華,新北市,蘆洲區長安街140號1樓,02-82850614
255561,蘆安,新北市,蘆洲區長安街64號1樓,02-28484952
238980,蘆興,新北市,蘆洲區長樂路2之6號1樓,02-82869126
960166,蘆樂,新北市,蘆洲區長樂路55號1樓,02-28474074
206569,信義路,新北市,蘆洲區信義路341號341之1號341之2號341之3號1樓,02-82855571
258087,蘆洲湧勝,新北市,蘆洲區得勝街163號,02-82854711
279187,珈英,新北市,蘆洲區復興路92號,02-22857510
916284,領袖,新北市,蘆洲區集賢路224巷60號62號,02-82863383
208912,鳳鳴,新北市,鶯歌區永和街115巷44.46號1樓,02-86775974
165596,元町,新北市,鶯歌區光明街128號130號1樓,02-26708742
215769,歌亭,新北市,鶯歌區尖山里尖山路150號,02-26791544
239499,鶯瓷,新北市,鶯歌區尖山埔路100號102號,02-26776941
179861,樂陶,新北市,鶯歌區尖山路276號1樓,02-26775483
241779,鳳鶯,新北市,鶯歌區鳳三路25號,02-26789082
253680,龍武,新北市,鶯歌區龍五路89號,02-26790702
982328,長虹,新北市,鶯歌區鶯桃路432號1樓,02-26789855
931456,德勇,桃園市,八德區大勇里忠勇街365號,03-2188300
238223,德力,桃園市,八德區大福里介壽路一段134號136號,03-3778096
924986,明光,桃園市,八德區中華路157號,03-3780845
230218,桃誠,桃園市,八德區公園路160號,03-3673394
210605,大湧,桃園市,八德區東勇二路111號,03-3713287
231071,森豪,桃園市,八德區東勇北路295之1號,03-2180784
214928,勇伯,桃園市,八德區東勇北路380號,03-2182953
254362,湧北,桃園市,八德區東勇街396-1號,03-3712775
182225,迎和,桃園市,八德區金和路52號,03-3634716
882172,國僑,桃園市,八德區建國路1075號,03-3644882
113702,高城,桃園市,八德區高城八街58巷5號1樓,03-2173952
954699,義展,桃園市,八德區義勇街151號151-1號1樓,03-3763771
166773,廣隆,桃園市,八德區廣興路195號,03-3732294
180975,興豐,桃園市,八德區興豐路418號,03-3656424
113573,果林,桃園市,大園區?林里?林路97號1樓,03-3935321
182775,航林,桃園市,大園區三民路二段626號1樓,03-3836620
870917,觀園,桃園市,大園區大觀路604號606號,03-3854111
264451,航園,桃園市,大園區中正東路102號,03-3858746
184298,航站北,桃園市,大園區航站南路15號B1樓,03-3932812
184287,航站南,桃園市,大園區航站南路15號B1樓,03-3931733
196291,航站五,桃園市,大園區航站南路9號5樓,03-3932573
195047,祥綸,桃園市,大園區高鐵北路三段45號,03-3819721
265063,新田園,桃園市,大園區新興路62號,03-3868997
924654,士香,桃園市,大溪區員林路一段228號,03-3072579
281973,興東,桃園市,中壢區中山東路三段226號228號228之1號,03-4385696
276074,富友,桃園市,中壢區中山東路三段419號421號423號1樓,03-4569015
934695,夜市,桃園市,中壢區中央西路二段125號,03-4024619
138538,三光,桃園市,中壢區中央西路二段259號259-1號1樓,03-4029671
255099,大享,桃園市,中壢區中正路1262號1樓,03-4224805
154116,大崙,桃園市,中壢區中正路四段35號,03-4984287
285827,海和,桃園市,中壢區六和路66號68號,03-4265714
253082,豐亞,桃園市,中壢區民族路六段232號236號1樓,03-4207484
963626,家權,桃園市,中壢區民權路二段98號,03-2810712
250809,慶福,桃園市,中壢區同慶路277號1樓,03-4379089
982063,正神,桃園市,中壢區成章一街10號12號1樓2樓,03-4615309
235419,成光,桃園市,中壢區成章二街78號1樓,03-4335716
236814,復強,桃園市,中壢區自強六路53號復華街212號1樓,03-4638447
283913,中孝,桃園市,中壢區忠孝路248號1樓2樓,03-4517904
163970,壢都,桃園市,中壢區長沙路131號成都路72號,03-4579045
240282,吉豐,桃園市,中壢區長沙路8號10號1樓,03-4285206
146540,長業,桃園市,中壢區長春路23號,03-4535480
244099,A18,桃園市,中壢區高鐵北路一段5號B1樓,03-2877559
278531,富莊,桃園市,中壢區莊敬路141號,03-4623667
251949,立莊,桃園市,中壢區莊敬路805號普騰街38巷18號1樓,03-4632452
944197,華愛,桃園市,中壢區華美一路132號136號1樓,03-4380269
875484,站行,桃園市,中壢區新興路162號,03-4574334
254421,萬能科,桃園市,中壢區萬能路1之2號1樓,03-4536259
130176,原大,桃園市,中壢區實踐路46號1樓,03-4368760
275565,榮躍,桃園市,中壢區榮民南路462號464號,03-4650762
122119,榮安,桃園市,中壢區榮安十三街297號1樓及榮安十四街2號1樓,03-4515728
212597,青航,桃園市,中壢區領航北路二段60號、民權路四段309號1樓,03-2876564
210672,龍汶,桃園市,中壢區龍文街33巷2號6號1樓,03-4163082
274908,成龍,桃園市,中壢區龍岡路三段192號194號196號1樓,03-4572652
183251,羿龍,桃園市,中壢區龍慈路283號1樓,03-4563734
263551,新街,桃園市,中壢區環北路537號539號543號1樓,03-4617330
284639,環民,桃園市,中壢區環西路2號1樓民族路336號338號1樓,03-4925034
130729,韻翔,桃園市,平鎮區文化街71號1樓,03-4930896
193498,禾安,桃園市,平鎮區平德路295號1樓,03-4010391
239444,明揚,桃園市,平鎮區延平路二段76號,03-4925297
942102,金沅,桃園市,平鎮區東勢里金陵路五段255號,03-4506616
284330,宏宇,桃園市,平鎮區金陵路二段104號,03-4288596
206983,揚金,桃園市,平鎮區金陵路二段288號,03-2840911
284318,達義,桃園市,平鎮區義民路199號1樓,03-4022472
253819,廣泰,桃園市,平鎮區廣泰路130號132號1樓,03-4910675
241355,德興,桃園市,平鎮區德育路二段3號1樓振興路12號1樓,03-4575450
970624,龍侑,桃園市,平鎮區龍德路8號1樓;龍福路1號1樓,03-4601054
228569,金汲,桃園市,桃園區力行路385巷11號13號1樓,03-3383733
251134,有家,桃園市,桃園區大有路457號459號1樓,03-3257574
155430,大有,桃園市,桃園區大有路547號1樓,03-3584876
864886,假日,桃園市,桃園區大有路560號1樓,03-3568448
216555,輕井澤,桃園市,桃園區大業路一段355號357號一樓,03-3565648
138985,辰興,桃園市,桃園區大興西路一段178號1樓新埔五街83號85號1樓,03-3583730
263045,桃朋,桃園市,桃園區大興西路二段1號1樓,03-3021150
250991,興源,桃園市,桃園區大興西路二段82號1樓,03-3028487
131168,民大,桃園市,桃園區大興路221號1樓,03-3256860
244147,興一,桃園市,桃園區大興路265號,03-3581837
190776,宏亞,桃園市,桃園區中平路102號1樓,03-2289084
282758,同德,桃園市,桃園區中埔二街150號,03-2150474
987910,維瀚,桃園市,桃園區中埔六街36號1樓,03-3468299
227957,國悅,桃園市,桃園區天祥七街101號103號,03-3151576
184449,立揚,桃園市,桃園區正光路116號1樓,03-3314841
209834,福倉,桃園市,桃園區正光路425號1樓427號1樓,03-3608304
279981,新德鴻,桃園市,桃園區永福西街111號113號,03-3767172
242510,吉聖,桃園市,桃園區吉昌街237號1樓,03-3793197
166463,藝德,桃園市,桃園區同德十一街98號100號,03-3258230
253554,福利國,桃園市,桃園區同德六街170號1樓,03-3467422
255538,雙慶,桃園市,桃園區安慶街84號86號1樓,03-3013836
241481,國祥,桃園市,桃園區自強里經國路685號,03-3461185
186962,新達豐,桃園市,桃園區延平路202號;大豐路194號,03-3643819
988289,桃金,桃園市,桃園區金門二街83號及93號1樓,03-3628357
913012,長陽,桃園市,桃園區長沙街90號1樓,03-3711375
215873,國藝,桃園市,桃園區南平路185號187號1樓,03-3576015
276063,貴族,桃園市,桃園區南平路306號1樓,03-3562962
249876,尊品,桃園市,桃園區建國路41-1號1樓,03-3634561
283658,春寶,桃園市,桃園區春日路670號1樓,03-3574543
142582,智勝,桃園市,桃園區桃智路1號3號1樓,03-3679443
238315,擎天,桃園市,桃園區桃鶯路50號52號1樓,03-3753250
250980,金學,桃園市,桃園區國際一路121號,03-3779254
180573,國力,桃園市,桃園區國際路二段426號428號1樓,03-2170120
174936,莊正,桃園市,桃園區莊二街148號1樓,03-3015412
235660,金萬,桃園市,桃園區莊二街1號1樓,03-3584081
260884,新莊伯,桃園市,桃園區莊敬路一段175號177號1樓,03-3464840
228547,振聲,桃園市,桃園區復興路389號1樓,03-3354452
130017,慈德,桃園市,桃園區慈德街53號55號57號,03-3575083
275956,謙悅,桃園市,桃園區新埔六街58號60號1樓,03-3151916
264347,國安,桃園市,桃園區經國路405號,03-3586607
977991,蜜鄰,桃園市,桃園區龍壽街96號98號,03-3606256
942401,楊民,桃園市,楊梅區三民北路177號,03-4316640
276764,三沅,桃園市,楊梅區三民北路88號1樓,03-4312709
284798,揚善,桃園市,楊梅區中山北路一段23號25號1樓,03-4785578
185981,新楊埔,桃園市,楊梅區中興路47號1樓新興街66號1樓,03-4814647
275174,凱成,桃園市,楊梅區文化街220號222號222-1號,03-4313241
249430,萬鑫,桃園市,楊梅區民富路三段828號830號1樓,03-4727146
228042,永誠,桃園市,楊梅區永美路385-9號1樓2樓,03-4815483
194228,高達,桃園市,楊梅區金山街302號1樓,03-2888874
253831,瑞揚,桃園市,楊梅區新成路97號,03-4756179
131906,富崗,桃園市,楊梅區新明街450號,03-4728942
275945,欣高,桃園市,楊梅區楊梅里文德路1號1樓梅高路52-9號,03-4788447
250658,大楊,桃園市,楊梅區楊湖路一段90號92號94號1樓,03-2888571
151689,楊昌,桃園市,楊梅區楊新北路23號,03-4856432
163590,楊興,桃園市,楊梅區楊新路三段331號333號,03-4850364
276948,利新,桃園市,楊梅區楊新路三段8號10號,03-4883112
913540,梅獅,桃園市,楊梅區瑞塘里梅獅路二段231號,03-4814576
920962,富先,桃園市,楊梅區萬大路111號113號1樓,03-4312760
231772,凰舞,桃園市,楊梅區萬大路116巷59號,03-4828930
982557,駿躍,桃園市,楊梅區環南路132號1樓,03-4780803
973036,新友達,桃園市,龍潭區三和里新和路1號B棟7樓,03-4072501
886646,正同,桃園市,龍潭區中正里15鄰中正路472號474號,03-4808831
153618,台積Q,桃園市,龍潭區龍園六路101號2樓,03-4899769
282334,庚大,桃園市,龜山區文化一路259號B1樓,03-2118165
273293,統文,桃園市,龜山區文化七路179號1樓,03-3185635
982214,鑫華夏,桃園市,龜山區文化二路28-1號28-2號28-3號1樓,03-2115130
182834,緯華,桃園市,龜山區文化二路34巷14弄12號14號1樓,03-3277973
198828,登冠,桃園市,龜山區文化二路52巷53號一樓,03-3186887
200996,廣華,桃園市,龜山區文化三路386號1樓,03-2115427
166681,富亨,桃園市,龜山區文青路206號208號210號1樓,03-3275307
110080,千禧,桃園市,龜山區光峰路千禧新城15號1樓,03-2134732
972310,忠湖,桃園市,龜山區忠義路二段630號,03-3287847
200103,醫林,桃園市,龜山區長庚醫護新村80號B1樓,03-3275392
275211,庚亞,桃園市,龜山區復興一路150號1樓,03-3974676
971616,新長明,桃園市,龜山區復興一路62號1樓,03-3961534
250544,鑫騰龍,桃園市,龜山區萬壽路一段156.158號1樓,02-82090316
952279,竹盈,桃園市,蘆竹區大竹里大新路133號1-3樓,03-3135745
180089,亮亞,桃園市,蘆竹區大福路189號,03-3231648
199359,頂社,桃園市,蘆竹區山林路三段170-2號,03-3243632
893840,蘆山,桃園市,蘆竹區中山路152號154號156號一樓,03-3118955
285595,元翔,桃園市,蘆竹區六福路247巷2-1號,03-3112034
249522,上賀,桃園市,蘆竹區光明路一段100號,03-3217836
210498,吉翔,桃園市,蘆竹區吉林路130號1樓,03-3530673
252735,吉福,桃園市,蘆竹區吉林路167號1樓,03-2126804
263414,盧奉,桃園市,蘆竹區奉化路25號27號1樓,03-2129384
239031,國邦,桃園市,蘆竹區忠孝西路206號1樓,03-3522987
288321,樂嘉,桃園市,蘆竹區長興路二段76號1樓,03-3242835
181462,航明,桃園市,蘆竹區南山路二段497號1樓,03-3241971
992510,台茂城堡店,桃園市,蘆竹區南崁路一段112號2樓,03-2123583
279958,順舜,桃園市,蘆竹區南順六街22號24號26號,03-3228620
149295,航福,桃園市,蘆竹區南福街97號99號,03-3229743
952327,蘆航,桃園市,蘆竹區南興里南昌路18號1樓,03-3124710
112329,海湖,桃園市,蘆竹區濱海路一段40號42號,03-3544721
258054,濰坊,桃園市,觀音區大觀路一段311號1樓,03-4834752
121448,富中,桃園市,觀音區中山路二段925號,03-2820766
235523,Fresh千塘,桃園市,觀音區莊敬路377號379號,03-4839293
976688,正國,新竹市,北區中正路286之1號一樓,03-5436459
240101,正御,新竹市,北區中正路309號1+B1樓,03-5430369
193122,北大門,新竹市,北區北門街96號1樓,03-5259596
249832,恆新,新竹市,北區民富里7鄰北大路342號,03-5242900
254339,磐石,新竹市,北區西大路740號1樓,03-5338457
249821,竹城,新竹市,北區西門里中山路100號,03-5250326
252609,育英,新竹市,北區育英里15鄰四維路53號1樓.西門街212號1樓,03-5231551
234380,東延,新竹市,北區延平路三段590號1樓,03-5365573
274562,竹陵,新竹市,北區東大路二段174號,03-5153239
249810,東中,新竹市,北區東門街194號1+B1樓,03-5212078
231200,武陵,新竹市,北區武陵路63號1樓,03-5409439
232764,金雅,新竹市,北區金雅路165號,03-5426331
236755,金采,新竹市,北區金雅路62號,03-5426032
234748,新竹金農,新竹市,北區金農路2號,03-5429700
864808,城北,新竹市,北區城北街43號,03-5239470
211859,水水,新竹市,東區水源街69號1樓,03-5165479
920032,千久,新竹市,東區民主路154號156號,03-5338512
252506,竹博,新竹市,東區民生路226號,03-5152946
137030,新竹民,新竹市,東區民族路114號116號1樓,03-5341957
283784,雙民,新竹市,東區民族路205號1樓,03-5347583
951678,里客,新竹市,東區民族路7號1樓,03-5244323
282183,日光,新竹市,東區民權路100號1樓,03-5427853
253691,科有,新竹市,東區光復路一段531巷70-1號,03-5779289
250913,自興,新竹市,東區自由路69號,03-5354292
279589,東民,新竹市,東區忠孝路149號,03-5723680
262396,保忠,新竹市,東區忠孝路1號,03-5738890
277985,青草湖,新竹市,東區明湖里明湖路3鄰1012-1號,03-5296583
285805,天湖,新竹市,東區明湖路180號,03-5621482
972262,煙波,新竹市,東區明湖路967號1樓,03-5296586
991506,新勝,新竹市,東區東光路75號1樓,03-5715124
980735,鑫旭升,新竹市,東區東南街98號1樓,03-5619048
253989,金山街,新竹市,東區金山街30號1樓,03-5794468
275509,公學,新竹市,東區建功一路93號,03-5748532
250511,金功,新竹市,東區建功二路2號及6號1樓,03-5738402
281124,高清,新竹市,東區建功里建功路6號1樓,03-5737884
234519,GRC,新竹市,東區科園里工業東三路1號1樓,03-5678253
922566,新竹友達,新竹市,東區科學園區力行二路1號,03-5789976
236157,學圓,新竹市,東區科學園路54號1樓,03-6687254
278863,東品,新竹市,東區食品路146號1樓,03-5618092
233309,鴻川谷,新竹市,東區埔頂二路101號,03-5798219
267483,富禹,新竹市,東區埔頂三路6號,03-6687604
170853,晏丞,新竹市,東區振興路50號1樓,03-5612425
123190,寶豐,新竹市,東區高峰路536巷58號之1,03-5294018
155131,富首,新竹市,東區慈濟路230號1樓,03-5678054
249164,復全,新竹市,東區新莊里長春街11.13號1樓,03-5771145
924919,學英,新竹市,東區學府路37號,03-5728236
198699,聯發科,新竹市,東區篤行一路1號,03-5679040
941914,新親仁,新竹市,東區親仁里仁愛街30號1樓,03-5336597
283522,關圓,新竹市,東區關東路56號1樓,03-5788214
239673,關新,新竹市,東區關新路179號1樓,03-5782449
185257,藍海,新竹市,東區關新路21號1樓,03-5679182
216197,禾雅,新竹市,東區鐵道路一段66號,03-5423106
207285,頂福,新竹市,香山區中山路622號626號,03-5388361
276111,香圃,新竹市,香山區牛埔東路253號1樓,03-5305337
274366,東君,新竹市,香山區東華路14號1樓,03-5305077
230230,鑫大庄,新竹市,香山區香山里大庄路75、77號1樓,03-5401797
228961,豪順,新竹市,香山區香山里瑞光街23號,03-5386259
238131,東香,新竹市,香山區頂埔路2號,03-5402700
234944,北泱,新竹縣,竹北市中央路200號1樓,03-5517352
279969,北泰,新竹縣,竹北市中正西路132號134號,03-5530956
273880,銓國,新竹縣,竹北市中正西路244.246號,03-5534785
255239,統賀,新竹縣,竹北市中正東路67號69號,03-5536749
181602,大硯,新竹縣,竹北市文興路311號,03-6688042
251569,新瓦屋,新竹縣,竹北市文興路一段172.176號1樓,03-6577424
236892,文嘉,新竹縣,竹北市文興路一段398號1樓,03-6577740
273857,北崙,新竹縣,竹北市光明三路35.37號1樓,03-5558347
264440,強鹿,新竹縣,竹北市自強北路256號1樓,03-6577734
923226,鹿家,新竹縣,竹北市自強南路136號,03-5509423
210801,印月,新竹縣,竹北市科大一路140號1樓,03-5584561
261599,禾遠,新竹縣,竹北市莊敬五街13號,03-6585974
262259,十興,新竹縣,竹北市莊敬北路130號,03-6589536
260714,縣運,新竹縣,竹北市莊敬南路21號1樓,03-5502437
122038,宇軒,新竹縣,竹北市勝利二路85號1樓,03-6576632
180322,采虹,新竹縣,竹北市勝利八街一段345.347號1樓,03-6583504
274001,大勝,新竹縣,竹北市勝利十一路101號,03-6681541
193487,豐富,新竹縣,竹北市復興三路一段105號1樓,03-6670394
199429,竹樺,新竹縣,竹北市華興街298號1樓,03-5516946
261164,隘口,新竹縣,竹北市隘口二路27號,03-6585403
263573,東鐵,新竹縣,竹北市隘口三街231號1樓,03-6670376
237828,家安,新竹縣,竹北市嘉興路168巷2號,03-6670625
281250,家興,新竹縣,竹北市嘉豐五路二段168號1樓,03-5502894
278128,豐禾,新竹縣,竹北市嘉豐六路二段76號1樓,03-6586194
251857,六家,新竹縣,竹北市福興東路二段105號1樓,03-6672052
253727,福崙,新竹縣,竹北市福興路705號1樓,03-5558473
280774,縣汶,新竹縣,竹北市縣政二路233號235號1樓,03-5584427
279350,縣科,新竹縣,竹北市縣政二路南段103號,03-5585349
252964,長政,新竹縣,竹東鎮中正路15號1樓,03-5103216
130707,菄族,新竹縣,竹東鎮民族路66號1樓,03-5822817
239064,朝陽,新竹縣,竹東鎮朝陽路70號72號74號1樓,03-5103109
181691,宥昌,新竹縣,芎林鄉文富街100號1樓,03-5926051
287144,力成科,新竹縣,湖口鄉大同路26號6樓,03-5972154
187091,湖崗,新竹縣,湖口鄉中山路二段430號,03-5995848
250625,湖山,新竹縣,湖口鄉中山路三段487號489號,03-5901262
123363,湖口,新竹縣,湖口鄉中正路一段34號、36號,03-5994895
228178,沅均,新竹縣,湖口鄉光復東路120之1號,03-5971461
988337,湖安,新竹縣,湖口鄉光復東路395號1樓,03-5974735
242565,悠揚,新竹縣,湖口鄉安宅八街1號3號1樓,03-5974482
863458,醫湖,新竹縣,湖口鄉孝勢里忠孝路20號22號,03-5904938
250636,源晟,新竹縣,湖口鄉新興路628號630號,03-5579768
273592,新埔,新竹縣,新埔鎮中正路221號,03-5887237
893655,埔中,新竹縣,新埔鎮中正路617號619號621號,03-5888775
230894,埔山,新竹縣,新埔鎮文山路犁頭山段936號,03-5891755
236283,翰聖,新竹縣,新埔鎮田新路476號478號1樓,03-5887757
284606,源冠,新竹縣,新豐鄉尚仁街92號1樓,03-5572871
233376,聚豐,新竹縣,新豐鄉松柏村明新六街36號,03-6590767
988038,世豊,新竹縣,新豐鄉建興路一段173號175號一樓,03-5590282
154943,欣樂,新竹縣,新豐鄉康樂路一段358號,03-5577364
967282,新高湖,新竹縣,新豐鄉新興路403號1樓,03-5571841
210029,學府居,新竹縣,新豐鄉學府街45號47號,03-5575470
912938,台積三,新竹縣,寶山鄉研新一路9號,03-5797212
130338,台積電,新竹縣,寶山鄉研新二路6號,03-5773140
233675,P8廠北,新竹縣,寶山鄉科環路168號B1樓,03-5670682
143552,台積,新竹縣,寶山鄉園區二路168號1樓,03-5790640
154080,積七,新竹縣,寶山鄉園區二路170號1樓,03-5790146
912927,台積二,新竹縣,寶山鄉園區三路121號B1,03-5797355
183343,進一廠,新竹縣,寶山鄉園區三路123號,03-5798620
122290,台積P6,新竹縣,寶山鄉新竹科學園區園區二路166號,03-5798243
141154,大大,苗栗縣,公館鄉大同路160號162號1樓,037-229711
227706,沿山道,苗栗縣,公館鄉尖山村尖山244-9號,037-227591
233712,AP六,苗栗縣,竹南鎮大埔里科專一路1號,037-581340
951863,龍詮,苗栗縣,竹南鎮山佳里龍山路三段305號,037-611551
181679,圳營,苗栗縣,竹南鎮中正路114號1樓,037-477965
276281,天文,苗栗縣,竹南鎮天文路176號,037-633952
882080,慶竹,苗栗縣,竹南鎮民族街82號民權路47號,037-480406
256782,照南,苗栗縣,竹南鎮佳興里至善街2號,037-479931
137557,國豪,苗栗縣,竹南鎮延平路170號,037-470992
207067,海口,苗栗縣,竹南鎮明勝路491-1號,037-471842
233848,竹圍仔,苗栗縣,竹南鎮復興路380號,037-467194
239514,仟翔,苗栗縣,竹南鎮龍山路二段275號,037-484318
166290,苗栗高,苗栗縣,後龍鎮新東路468號,037-725775
261278,源栗,苗栗縣,苗栗市水源里14鄰中正路1402號,037-375346
229827,新苗治,苗栗縣,苗栗市北苗里自治路68號,037-371602
276188,苗栗,苗栗縣,苗栗市民族路99號101號1樓,037-371479
982281,新苗中,苗栗縣,苗栗市府前路120號,037-359140
211871,苗公,苗栗縣,苗栗市青苗里至公路12號,037-359660
267025,為公,苗栗縣,苗栗市為公路602號,037-269423
250315,瑛才,苗栗縣,苗栗市英才路109號,037-374256
118028,苗鑫,苗栗縣,苗栗市國華路1092號,037-374655
278379,華星,苗栗縣,苗栗市福星里國華路276號.276-1號及278號,037-271886
952626,苗碩,苗栗縣,苗栗市維新里新東街219號,037-321719
184128,造橋鄉,苗栗縣,造橋鄉造橋村平仁路105-1號,037-563101
255217,後庄,苗栗縣,頭份市中央路603、605號,037-674612
208392,龍陽,苗栗縣,頭份市光華北路150號,037-620156
931825,尖豐,苗栗縣,頭份市尖下里尖豐路316號1樓、320巷2、6號1樓,037-616773
933164,淇丞,苗栗縣,頭份市建國路二段128號,037-673025
242543,頭份公園,苗栗縣,頭份市後庄里公園六街9號,037-636205
284651,昶誼,苗栗縣,頭份市後庄里幼英街131號1樓,037-676674
282389,頭屋,苗栗縣,頭屋鄉尖豐路118號120號1樓,037-251643
232421,頭獎,苗栗縣,頭屋鄉頭屋村尖豐路49號,037-251855
174545,大肚,台中市,大肚區沙田路二段740號,04-26994658
275978,東里,台中市,大里區大里路295號1樓,04-24060269
210627,大里杙,台中市,大里區大里路510號,04-24066409
130235,興生,台中市,大里區大里路97號1樓,04-24831710
165035,新永大,台中市,大里區大明路340號1樓,04-24823074
284433,永隆,台中市,大里區大明路457號,04-24074438
890704,立新,台中市,大里區立仁路142號,04-22798641
275934,多田,台中市,大里區立新街350號，立新二街5號,04-22760520
980207,新堤,台中市,大里區立德里甲堤南路71號,04-22759206
182764,新榮,台中市,大里區東榮路552號,04-24062770
874296,益民,台中市,大里區東興里10鄰大明路238號,04-24815624
275990,蘋果,台中市,大里區善化路155號,04-24913426
240606,瑞城,台中市,大里區瑞城一街1號,04-24963006
151508,亞和,台中市,大雅區中山北路410號,04-25602429
903303,上楓,台中市,大雅區民生路三段523號,04-25688574
114624,佳積,台中市,大雅區科雅六路1號,04-25694520
962988,神林,台中市,大雅區神林南路144號,04-25688503
114691,環太,台中市,大雅區雅環路一段330號,04-25674424
208037,環禹,台中市,大雅區雅環路二段126號,04-25604273
174372,雅潭,台中市,大雅區學府路209號,04-25685151
207333,鑫站一,台中市,中區台灣大道一段1號2樓,04-35097362
194826,新繼光,台中市,中區繼光街64號一樓,04-22220760
254074,鑫佳慶,台中市,太平區大源二街1號1F,04-23919759
280682,盛民興,台中市,太平區中山路二段366號、366-1號、368號1樓,04-23926373
283647,太平,台中市,太平區中政里中興路171.173號,04-22770941
993708,精中,台中市,太平區太平一街220號,04-22798881
229539,育見,台中市,太平區育賢路321.323號,04-23934176
196419,振福,台中市,太平區振福路361巷6號1樓,04-23954989
252768,鑫德,台中市,太平區新興路85-1號,04-23954471
280084,全利,台中市,太平區樹孝路338號,04-23926723
123248,樹廣,台中市,太平區樹德路98-9號,04-23955449
275406,健太,台中市,北屯區太原路三段1138號,04-24367881
966175,中台禾豐,台中市,北屯區太原路三段1505號,04-24390923
193155,順太,台中市,北屯區太順路112號1樓,04-24369416
285780,陽旭,台中市,北屯區北屯路200巷1號及北屯路200-1號一樓、地下一層,04-22338842
988267,松豪,台中市,北屯區四平路218號,04-24214950
264934,昌平,台中市,北屯區昌平路一段70號,04-22326743
277697,昌旺,台中市,北屯區昌平路二段12之16號,04-22474819
863632,昌盛,台中市,北屯區昌平路二段45號之8及45號之9,04-24224542
950295,松強,台中市,北屯區松安里崇德六路一段47號,04-22432398
276177,松東,台中市,北屯區松竹路三段125號,04-22463373
991975,青河,台中市,北屯區青島路三段155號1樓,04-22362409
287915,東興一,台中市,北屯區南興一路136號,04-24365715
184302,富宇,台中市,北屯區建和路二段273.275號,04-24367450
111212,軍福,台中市,北屯區軍功路一段500號,04-24376717
277413,松潭,台中市,北屯區軍功路二段183號1樓,04-24392157
252610,國校,台中市,北屯區國校巷16號,04-22336256
229779,北屯幸福讚,台中市,北屯區崇德十六路218號,04-24211641
261038,崇尚,台中市,北屯區崇德路二段450號1樓,04-22411034
254030,豐樂,台中市,北屯區崇德路三段608號,04-24222105
282253,福寶,台中市,北屯區陳平路50號,04-22935012
234807,巨富,台中市,北屯區敦富路807號1樓,04-24364099
207388,景大和,台中市,北屯區景賢路191號,04-24364416
200701,欣花園,台中市,北屯區華美西街二段478號,04-22937902
111485,熱陽,台中市,北屯區熱河路二段217號,04-22425271
231668,湧順,台中市,北屯區樹孝路666號,04-24367340
284880,興昌,台中市,北屯區興安路二段62號1樓,04-22435875
285436,汶莊,台中市,北區中清路一段102號1樓,04-22063620
120939,忠權,台中市,北區忠明路426號1樓,04-22061836
127929,立夫,台中市,北區邱厝里學士路95號１樓,04-22070910
151302,興悅,台中市,北區金華里進德北路160號162號,04-23602265
110987,淡溝,台中市,北區淡溝里民權路361號1樓,04-22065373
230539,新通豪,台中市,北區漢口路三段101號,04-22991400
263816,賴厝,台中市,北區漢口路四段102號1樓.地下樓,04-22994792
193708,泰安綻,台中市,后里區九甲七路400號 (北上小客車商場內7-11),04-25588315
142478,美光,台中市,后里區三豐路四段369號,04-25584700
231336,美芯,台中市,后里區三豐路四段369號1樓,04-25584481
209683,后宥,台中市,后里區甲后路一段955號,04-25587727
193694,泰安一,台中市,后里區安眉路113號(南下小客車商場內7-11),04-25588403
113252,后里廠,台中市,后里區馬場路1號,04-25584367
235017,櫻沐,台中市,西屯區大河一巷三弄1號、3號1樓,04-23159618
874458,隆安,台中市,西屯區大隆路56號1樓,04-23271980
188924,隆恩,台中市,西屯區大墩十八街116號1樓,04-23103957
274193,隆心,台中市,西屯區文心路二段566號,04-23109505
250418,文心,台中市,西屯區文心路三段76號、78號,04-23138420
149114,逢大一,台中市,西屯區文華路100號1樓,04-24527714
201977,逢華,台中市,西屯區文華路10-7號,04-24520145
234298,好時光,台中市,西屯區光明路55-26號、55-27號1樓,04-24521543
230779,成科,台中市,西屯區成都路221、223號,04-23162846
250245,上安,台中市,西屯區至善路61號,04-24528528
189307,新西屯,台中市,西屯區西屯路二段281-3號281-4號,04-24522290
900175,福茂,台中市,西屯區西屯路三段148-30號,04-24628460
285045,友達光電,台中市,西屯區林厝里中科路1號1樓,04-24634472
977500,逢仁,台中市,西屯區青海路二段262號,04-24512777
236674,逢德,台中市,西屯區青海路二段321號323號,04-24518827
274838,逢科,台中市,西屯區青海路二段556號,04-24520126
967422,逢喜,台中市,西屯區逢甲路247號,04-27084476
281043,潮貴,台中市,西屯區朝馬路158號1樓,04-22517374
281593,秋紅谷,台中市,西屯區朝富路30號32號1樓,04-22542731
166669,奇積,台中市,西屯區新科路1號,04-24621293
283016,福康,台中市,西屯區福林里福康路33號,04-24638081
255527,福林,台中市,西屯區福林路31巷150號,04-24628940
276317,西苑,台中市,西屯區福星路112號1樓,04-24528983
957931,逢盛,台中市,西屯區福星路330號華夏巷東一弄22號1樓,04-27064895
193982,逢星,台中市,西屯區福星路651-8號,04-24522597
113001,港強,台中市,西屯區福科路295號一樓,04-24632861
120146,瑞聯,台中市,西屯區福科路890號1樓,04-24634826
236939,瑞盟,台中市,西屯區福雅路143-1號,04-24621596
249795,科雅,台中市,西屯區福雅路571-1號,04-24636793
261267,聯順,台中市,西屯區福聯里福順路898號900號,04-24629546
265410,逢福,台中市,西屯區黎明路三段348號,04-27082309
273743,正勤,台中市,西屯區黎明路三段539-3號.539-5號,04-24524657
252193,櫻花,台中市,西屯區櫻花路111號,04-23151726
962715,台麗,台中市,西區五權路119號1樓、中山路493號1樓,04-22060119
265306,安龍,台中市,西區五權路2-12號2-13號1樓,04-23752146
238430,市民,台中市,西區公益路157號,04-23020614
865384,新五廊,台中市,西區民生路155號一樓,04-22240981
902757,華生,台中市,西區民生路517號,04-23765931
277549,大莊園,台中市,西區向上路一段15號1樓,04-23019946
285300,向興,台中市,西區向上路一段95號,04-23019017
214788,明義,台中市,西區明義街6號,04-23287885
238946,向美,台中市,西區美村路一段302之1號302之7號,04-23016027
285126,美村,台中市,西區美村路一段542號546號,04-23762435
274506,美生,台中市,西區美村路一段54號,04-23275818
187079,權美,台中市,西區美村路一段736號,04-23723672
940483,金典,台中市,西區健行路1046、1046-1、1046-2號1樓,04-23265492
229654,日進,台中市,西區梅川西路二段33號1樓,04-22019413
275392,精業,台中市,西區精誠路41號之6之7,04-23191670
912732,模範,台中市,西區模範街34巷1號,04-23024571
126720,天仁,台中市,沙鹿區斗抵里沙田路17之19號,04-26361763
254661,鹿鼎,台中市,沙鹿區台灣大道七段812號1樓,04-26628465
278483,鹿成,台中市,沙鹿區光華路394.396號1樓,04-26628474
233723,平麗,台中市,沙鹿區南斗路29-1號,04-26364535
164571,富麗,台中市,東區十甲里十甲路397號,04-22123172
164582,新振興,台中市,東區十甲東路217號,04-22153224
230595,立和,台中市,東區立德街47、49、51、53號,04-22244209
923307,光園,台中市,東區東光園路142號,04-22800510
971742,東泓,台中市,東區東門里東門路140號,04-22809073
211882,智復,台中市,東區復興路四段210號1.2樓.地下層,04-22224776
234830,樂寶,台中市,東區進德路600號,04-22152674
281397,新平智,台中市,東區新庄里大智路49號,04-22297551
239710,東展,台中市,東勢區南平里豐勢路336號,04-25886569
282600,欣東雲,台中市,東勢區第五橫街28號及三民街165號,04-25871926
273813,昌進,台中市,南屯區大進街387號1樓.大墩十二街151號1樓,04-23203647
273488,墩陽,台中市,南屯區大墩10街254號1樓,04-23205217
285115,向心,台中市,南屯區大墩6街284號,04-24751265
182410,惠馨,台中市,南屯區大墩南路332.336號,04-24735180
201852,墩富,台中市,南屯區大墩路572號,04-23207553
148915,墩業,台中市,南屯區大墩路717-5號,04-23275693
273167,上楓樹,台中市,南屯區中和里黎明路一段263號,04-24702620
158624,大進,台中市,南屯區五權西路二段185號,04-24759161
905527,權興,台中市,南屯區五權西路二段62號,04-24717712
155038,鑫權勝,台中市,南屯區五權西路二段882號,04-23801953
210937,富亦,台中市,南屯區公益路二段939號1樓和龍富路四段552號1樓,04-23890475
212209,文豐,台中市,南屯區文心南五路ㄧ段319號,04-24738232
264381,豐春,台中市,南屯區文心南路100號,04-24734980
232328,嶺春,台中市,南屯區永春北路53號1樓,04-23808491
277310,嶺中,台中市,南屯區永春南路58號,04-23806007
217293,熊貓,台中市,南屯區向上南路一段325號1樓,04-24754550
166337,豐河,台中市,南屯區向上路二段376號,04-23806215
275048,海德堡,台中市,南屯區向心南路928號930號,04-24759288
180964,嶺寶,台中市,南屯區忠勇路23-12號1樓,04-23862931
931294,新墩興,台中市,南屯區東興路二段98號1樓,04-24712169
131711,惠文,台中市,南屯區河南路四段226號228號1樓,04-22546680
186685,瑞陽,台中市,南屯區河南路四段442號446號1、2樓,04-22510797
958831,墩南,台中市,南屯區南屯路二段210、212號1樓,04-24731595
249197,南屯,台中市,南屯區南屯路二段570號,04-23891441
980322,墩正,台中市,南屯區溝墘里大墩十一街330號1樓,04-22510497
212302,春安,台中市,南屯區嶺東南路165號,04-23897480
136130,大時代,台中市,南區工學路55號57號,04-22609203
183550,壹盛,台中市,南區忠孝路166號,04-22855886
261636,南美,台中市,南區南平路182號,04-22650922
195999,建丞,台中市,南區建成路1683號1樓,04-22859838
196774,超贊,台中市,南區高工路202號1樓,04-22607922
130811,台火,台中市,南區高工路355號1樓,04-22600615
241241,新國光,台中市,南區國光路82及84號;愛國街67及69號,04-22203755
275370,大東家,台中市,南區新榮里復興路三段138、140號,04-22214273
229090,樹義,台中市,南區福田三街156號1樓,04-22632372
215286,無尾熊,台中市,南區德富路73號75號1樓,04-22605412
274388,復慶,台中市,南區樹義里大慶街二段5-2號,04-22638927
266376,吉宏,台中市,烏日區九德里20鄰中華路593號,04-23387989
195933,三和,台中市,烏日區三榮路一段558號,04-23363462
182432,榮田,台中市,烏日區三榮路二段199號,04-23362440
279659,米魯,台中市,烏日區光華街1號,04-23372938
967569,新光德,台中市,烏日區信義街162號1樓,04-23370951
248806,中高鐵,台中市,烏日區站區二路8號2樓,04-36007820
187080,元宏,台中市,烏日區溪南路一段722號,04-23357738
189112,喀哩,台中市,烏日區溪南路二段380號1樓,04-23355202
241687,東園,台中市,烏日區溪埧里溪南路一段413號,04-23352449
155153,吉得堡,台中市,梧棲區中興路121號,04-26567304
231440,文雅,台中市,梧棲區文匯街66號,04-26560624
130486,港藝,台中市,清水區中社路19號,04-26281895
264598,清峰,台中市,清水區中華路330號、鰲峰路173-3號,04-26226842
142320,大秀,台中市,清水區五權路328號,04-26281748
980816,億承,台中市,清水區民和路二段195號,04-26566134
259301,清水綻,台中市,清水區吳厝二街89號,04-26201097
933223,高美祿,台中市,清水區高美路190號1樓,04-26275803
209096,泉富,台中市,潭子區中山路一段57號1樓,04-25343869
275864,頭張,台中市,潭子區家福里頭張路一段31號,04-25351934
952246,潭豐,台中市,潭子區崇德路四段250之1號,04-25355870
280693,潭子勝利,台中市,潭子區勝利路185號,04-25343275
120582,潭榮,台中市,潭子區榮興街19號1樓21巷1號21巷3號1樓,04-25351431
131021,潭北,台中市,潭子區福潭路645.647.649號,04-25360956
944245,潭寶,台中市,潭子區潭興路三段51號,04-25357382
893046,榮晉,台中市,潭子區頭張路二段2號,04-25359250
180045,潭厝,台中市,潭子區環中東路一段5號,04-25341014
967709,甜園,台中市,潭子區豐栗路9號,04-25327349
253923,潭興,台中市,潭子區豐興路一段591、593、595號1樓,04-25392368
123086,龍田,台中市,龍井區田中里臨港東路一段75號,04-26307486
147945,理想,台中市,龍井區國際街155號157號159號1樓,04-26529013
229665,欣廟東,台中市,豐原區中正路131.133號,04-25256356
903288,京展,台中市,豐原區中正路858號1樓,04-25158368
893725,京泰,台中市,豐原區成功路195號.西勢路98號,04-25123668
891914,茂陽,台中市,豐原區南陽路299之8號299之9號,04-25268191
276982,新豐陽,台中市,豐原區南陽路372號1樓,04-25239171
216577,欣三豐,台中市,豐原區源豐路89、93、95號1樓,04-25285477
883913,新豐田,台中市,豐原區豐南街145號,04-25151215
228813,阿罩霧,台中市,霧峰區中正路815號,04-23391542
281102,康鑫,台中市,霧峰區吉峰路153號,04-23304476
164995,峰資,台中市,霧峰區樹仁路26號1樓,04-23332547
244066,挖子,彰化縣,二林鎮二溪路七段271號,04-8680533
180171,欣二林,彰化縣,二林鎮大成路一段236號,04-8965081
217374,彰基,彰化縣,二林鎮大成路一段571號,04-8968580
997836,鎮安,彰化縣,大村鄉大溪路7-4號1樓,04-8523639
922898,新大村,彰化縣,大村鄉中正西路331號1樓,04-8538047
206846,佳嘉,彰化縣,北斗鎮七星里13鄰五權路臨176號,04-8875841
200468,北圓,彰化縣,北斗鎮中華路91.93號,04-8874979
150941,永靖,彰化縣,永靖鄉永坡路2號,04-8242613
138686,巨航,彰化縣,伸港鄉新港村中興路一段355號,04-7987089
180931,秀鑫,彰化縣,秀水鄉番花路101號,04-7684034
961941,秀工,彰化縣,秀水鄉彰水路二段795-1號,04-7689373
122175,和峰,彰化縣,和美鎮山犁里道周路6鄰279號1樓,04-7560406
192716,糖友,彰化縣,和美鎮中圍里彰新路三段臨368號,04-7354150
243926,和美仁愛,彰化縣,和美鎮仁壽路189號,04-7552247
952062,和卿,彰化縣,和美鎮和南里和卿路193號,04-7562670
971731,和鎮,彰化縣,和美鎮和線路323號,04-7566069
132231,和美,彰化縣,和美鎮和頭路189號1樓,04-7557704
991160,新勝利,彰化縣,和美鎮鹿和路六段402之2號,04-7579421
261430,和東,彰化縣,和美鎮愛德路27號,04-7557118
190879,彰美,彰化縣,和美鎮彰美路三段385號387號,04-7569352
242004,鑫美,彰化縣,和美鎮彰美路六段199號1樓.201號1樓,04-7558348
194251,和冠,彰化縣,和美鎮彰新路六段臨566號,04-7553624
165459,芬園,彰化縣,芬園鄉彰南路四段172號及光復路6號,049-2511565
241300,花壇,彰化縣,花壇鄉中山路二段1、3、5號1樓,04-7870374
263403,長沙,彰化縣,花壇鄉中正路130號1樓,04-7861109
231244,喬富,彰化縣,花壇鄉白沙村彰員路三段389號1樓,04-7117846
229078,金墩,彰化縣,花壇鄉花壇村23鄰花南路臨558號1樓,04-7869034
235257,茉莉花,彰化縣,花壇鄉長沙村29鄰成功街237號,04-7862640
264163,三春,彰化縣,花壇鄉彰員路一段臨551號,04-7875146
241849,令和,彰化縣,員林市三和里3鄰員東路二段42號,04-8366750
126731,員東,彰化縣,員林市三和里大同路一段8鄰238號,04-8395201
126535,員埔,彰化縣,埔心鄉員鹿路二段248.250號1樓,04-8294556
144588,斗苑,彰化縣,埤頭鄉斗苑東路588號,04-8925951
239097,埤頭,彰化縣,埤頭鄉合興村彰水路三段5鄰537號1樓,04-8928985
279800,二溪,彰化縣,溪湖鎮二溪路一段369號,04-8813960
166289,向福,彰化縣,溪湖鎮大溪路二段140號,04-8858331
196235,兆福,彰化縣,彰化市一德南路2號、彰南路三段400號,04-7386439
239204,三民,彰化縣,彰化市三民路341號,04-7223446
138848,大竹,彰化縣,彰化市大竹里彰南路二段181號,04-7388101
978525,附工,彰化縣,彰化市工校街21號,04-7290120
237035,巨林,彰化縣,彰化市中山路一段286號1樓,04-7111846
249407,金川,彰化縣,彰化市中正路二段611號,04-7220483
993812,巨峰,彰化縣,彰化市天祥路359號,04-7612461
875369,彰和,彰化縣,彰化市民族路163號,04-7269723
227669,欣兆陽,彰化縣,彰化市向陽里崙平南路367號,04-7513549
120320,彰泰,彰化縣,彰化市安平街58號1樓,04-7281709
126742,新桃源,彰化縣,彰化市卦山里公園路一段335號,04-7287306
112385,大陽,彰化縣,彰化市延平里大埔路405號,04-7114077
278542,勝全,彰化縣,彰化市林森路205號,04-7636581
239190,火車頭,彰化縣,彰化市長樂里中正路一段536號538號,04-7221901
931179,太子哈佛,彰化縣,彰化市泰和中街72號,04-7287276
993823,宇勝,彰化縣,彰化市崙平里崙平北路22號,04-7518778
200055,兆溢,彰化縣,彰化市崙美路246號,04-7518110
121471,彰工,彰化縣,彰化市復興里進德路11號13號1樓,04-7284580
887177,民生,彰化縣,彰化市華山路27號,04-7278025
931700,智富,彰化縣,彰化市萬安里長順街170號,04-7200758
277550,鹿東,彰化縣,福興鄉中正路224號,04-7784755
113816,金福興,彰化縣,福興鄉員鹿路二段196號198號1樓,04-7754941
276395,福鹿,彰化縣,福興鄉彰鹿路七段652.654號,04-7774193
923765,見晴園,南投縣,仁愛鄉大同村定遠新村路18-1號,049-2803691
265476,清境,南投縣,仁愛鄉定遠新村26之1號,049-2802718
972804,小瑞士,南投縣,仁愛鄉定遠新村28號,049-2803447
113687,六合,南投縣,水里鄉民生路175號1樓,049-2775480
882079,龍寶,南投縣,水里鄉民權路170號,049-2778956
193085,穀昌,南投縣,名間鄉彰南路450號,049-2244085
931168,社寮,南投縣,竹山鎮集山路一段2051號,049-2624730
981222,和社,南投縣,信義鄉同和巷8號1樓,049-2702941
913229,中營,南投縣,南投市中華路130號,049-2370508
151645,龍辰,南投縣,南投市中學西路61號,049-2339252
283131,南投,南投縣,南投市民族路289、291、293號中山街143號1.2樓,049-2242363
233402,興中,南投縣,南投市光明一路561號,049-2392514
126764,祖祠,南投縣,南投市祖祠路16-4號,049-2244378
279279,宏旺,南投縣,南投市復興路38號,049-2245147
155289,鑫潭,南投縣,埔里鎮中山路四段97之1.97之2號,049-2910310
192646,育溪,南投縣,埔里鎮安七街89-1號,049-2910592
127538,國泰,南投縣,草屯鎮中正路636號1樓及和興街93號1樓,049-2336243
215529,京埔,南投縣,草屯鎮南埔里中正路254-10號,049-2560546
278151,和雅,南投縣,鹿谷鄉廣興村中正一路225號,049-2755979
249153,二崙,雲林縣,二崙鄉崙東村中山路一段269號,05-5991711
896045,斗六,雲林縣,斗六市大同路41號,05-5347990
830698,富盟,雲林縣,斗六市文化路304號306號,05-5336375
283739,永欣,雲林縣,斗六市斗六三路6號,05-5517759
238544,昕美,雲林縣,斗六市民生路170號,05-5334310
265292,斗六正心,雲林縣,斗六市西平路362號,05-5514845
153766,保庄,雲林縣,斗六市明德北路三段285號,05-5372683
280350,坤麟,雲林縣,斗六市社口里大學路二段579號,05-5339597
253912,保長,雲林縣,斗六市雲林路二段76號1樓,05-5360729
275587,鎮南,雲林縣,斗六市鎮南路301號,05-5360905
128634,真嘉,雲林縣,斗南鎮南昌西路1號,05-5974106
128254,欣怡,雲林縣,斗南鎮南昌里中山路79號,05-5960866
189226,朝天宮,雲林縣,北港鎮東華里中山路150號,05-7824873
943747,和心,雲林縣,西螺鎮河南里埔心路113-3號,05-5866552
998080,七崁,雲林縣,西螺鎮建興路163號1樓,05-5878541
199142,工專,雲林縣,虎尾鎮中正路307號,05-6333495
112558,夏恩,雲林縣,虎尾鎮立仁里復興路137號,05-6330135
261555,大屯,雲林縣,虎尾鎮西屯里大屯349號,05-6652107
242613,高南,雲林縣,虎尾鎮科園路180號,05-6320068
131858,宇宸,雲林縣,虎尾鎮清雲路770號,05-6320634
972505,崙中,雲林縣,崙背鄉南陽村中山路489號,05-6961671
195461,羅威,雲林縣,崙背鄉羅厝村東興路168-1號.168-2號,05-6965430
209915,嘉愛,嘉義市,西區仁愛路212號,05-2275893
278416,圓環,嘉義市,西區北杏里文化路155之2號1樓,05-2291759
260770,光彩,嘉義市,西區民生北路182號184號1樓,05-2221535
196202,國華,嘉義市,西區國華里國華街283號1樓.2樓,05-2273545
967318,博元,嘉義市,西區博愛路二段572號,05-2353893
206732,新嘉友,嘉義市,西區福全里友愛路222.222-1號,05-2910813
249326,義東,嘉義市,東區東義路85號,05-2760974
844882,彌陀,嘉義市,東區芳安路1號1F,05-2285187
260781,台林,嘉義市,東區新生路723號,05-2780939
909323,嘉工,嘉義市,東區彌陀路240號,05-2745575
972701,新冠林,嘉義縣,大林鎮新興街113號,05-2658971
210203,故宮,嘉義縣,太保市東勢里故宮大道779號1樓,05-3622547
248921,嘉鐵,嘉義縣,太保市高鐵西路168號1樓,05-3101338
944005,祥壹,嘉義縣,太保市祥和一路東段29號,05-3628365
951265,保祥,嘉義縣,太保市祥和三路東段226號,05-3628476
121253,世川,嘉義縣,水上鄉內溪村中義路992號1樓,05-2399887
944016,奮起湖,嘉義縣,竹崎鄉中和村12鄰奮起湖178-1號,05-2562652
278645,新大內,台南市,大內區石城里石子瀨122之153號,06-5763553
265362,台南民族,台南市,中西區公正里民族路二段53號,06-2230803
123156,水仙宮,台南市,中西區水仙里民權路三段87號1樓,06-2217930
165677,赤崁,台南市,中西區民族路二段331號,06-2214411
129213,南醫,台南市,中西區民族路二段76號之13,06-2263238
192783,唯勝,台南市,中西區民權路三段150號一樓,06-2214369
189019,永福,台南市,中西區永福路二段65號1樓,06-2214463
990905,康樂,台南市,中西區安海里康樂街223號1樓,06-2228184
280305,頂美,台南市,中西區西和路1號3號,06-2595480
262293,湖華,台南市,中西區西湖街3號,06-2507460
242901,Fresh湖美,台南市,中西區和緯路五段55號,06-3588401
252012,郡王,台南市,中西區府前路一段144號,06-2204652
252366,天公,台南市,中西區忠義路二段109號,06-2213646
136598,南門城,台南市,中西區南門路229號1樓,06-2147717
251743,開山,台南市,中西區開山路245號1樓,06-2144197
151597,長益,台南市,仁德區土庫里太子路233號,06-2052285
214847,南站,台南市,仁德區中洲村中洲路1巷220號1樓,06-3663985
194608,華立,台南市,仁德區仁義里中清路208號,06-2796146
202394,奇美博,台南市,仁德區文華路二段66號,06-2664455
286624,文安,台南市,仁德區文賢路一段576號,06-2667371
967581,保華,台南市,仁德區成功里崇德路88號,06-3369571
951966,仁伯,台南市,仁德區後壁里德安路188號,06-2491560
212346,德欽,台南市,仁德區後壁里德南路3鄰92號,06-2792441
132482,七甲,台南市,六甲區六甲里中正路321之1號,06-6981130
179573,代天府,台南市,北門區鯤江里976號,06-7864826
962863,卓易,台南市,北區大豐里27鄰中華北路一段143號,06-2805492
250441,德緯,台南市,北區成德里育德二路20鄰308號,06-2525864
227717,煒達,台南市,北區育德路491號1.2樓,06-2519945
860688,立人,台南市,北區和順里西門路三段81號1樓、西門路三段47巷12號1樓,06-2205089
229447,青青,台南市,北區和緯路五段278號1樓,06-3582884
990042,新海成,台南市,北區海安路三段2號1樓,06-2281334
276018,海安,台南市,北區海安路三段716號,06-2518805
116181,灣中,台南市,永康區大灣路62號,06-2720510
922821,永大春,台南市,永康區中山北路431號,06-2011976
229285,永臻,台南市,永康區中山東路59號,06-3023473
252458,鑫永康,台南市,永康區中華路617-1號,06-3026315
283979,永勝,台南市,永康區六合里中華二路320號1樓,06-2362091
993351,雙永,台南市,永康區永大一路60號1樓,06-2031437
169875,好巧,台南市,永康區安康里中華西街152號,06-3027920
164766,忠勇,台南市,永康區成功里小東路4鄰637號1樓,06-3121548
131113,東橋,台南市,永康區東橋一路28號,06-3020234
216843,橋鈺,台南市,永康區東橋七路369號1樓,06-3027215
257143,7Fresh康橋,台南市,永康區東橋八街96號,06-3024900
263665,新真愛,台南市,永康區東橋六街208號1樓,06-3029367
286004,文炳,台南市,永康區南台街1號,06-2426265
143884,臻鈺,台南市,永康區勝利里18鄰勝學路226號,06-3123073
275738,華勇,台南市,永康區華興街122號1、2樓,06-3125434
131630,永科,台南市,永康區新樹里3鄰中山北路634巷7號,06-2011492
902159,詠文,台南市,永康區網寮里6鄰永二街202號,06-2042598
153777,永玉,台南市,永康區龍潭里永明街175號,06-2013336
967673,桂田,台南市,永康區鹽行里新行街251號一樓,06-2425413
282518,新玉馥,台南市,玉井區玉田里中山路97號1樓,06-5748078
143389,期建,台南市,安平區文平里建平路277號,06-2952650
280372,安運,台南市,安平區平安里華平路742號1樓,06-3504407
274355,永華東,台南市,安平區永華路二段210號,06-2984141
233011,Fresh亞萬,台南市,安平區永華路二段812號1樓,06-2955449
257822,大員,台南市,安平區安北路420號422號壹樓貳樓部分,06-3912022
187253,郡豐,台南市,安平區郡平路307號,06-2936349
968104,華平,台南市,安平區健康路三段242號,06-2939147
208200,F18B,台南市,安定區北園二路8號1樓,06-5058857
202051,18廠B,台南市,安定區蘇林里北園二路8號,06-5052109
179986,安同,台南市,安南區同安路235號,06-2461351
208543,安西,台南市,安南區安中路一段136號,06-2477315
284927,安北,台南市,安南區安中路一段546號552號,06-2474698
283991,安立,台南市,安南區安中路四段150號,06-2473773
780827,和順,台南市,安南區安和路五段166號,06-3565013
239938,安南,台南市,安南區安和路四段520號,06-3554906
965057,長溪,台南市,安南區安慶里長溪路一段307號,06-2568719
217101,環安,台南市,安南區長和路二段12巷272號,06-3571959
923868,安新,台南市,安南區長溪路三段399號1樓,06-2457294
883898,本原,台南市,安南區海佃路四段2號,06-2464793
284570,新同安,台南市,安南區理想里海佃路二段432號,06-2461306
188164,安昌,台南市,安南區塭南里安昌街101號,06-3568205
988223,新郡安,台南市,安南區溪北里安和路一段105號1樓,06-2512571
193199,喬興,台南市,西港區慶安里新興街8-77.8-78號,06-7957103
791241,佳里,台南市,佳里區光復路197號197-1號,06-7233631
122131,佳文,台南市,佳里區佳西路215號1樓,06-7238343
112525,新北中,台南市,佳里區延平路195號,06-7225387
233310,東山站,台南市,東山區科里里枋子林74-6號,06-6235384
190813,小東,台南市,東區小東路256號1樓,06-2341994
280198,竹篙厝,台南市,東區仁和路126號1樓,06-2677562
865535,北門,台南市,東區北門路一段310號、312號,06-2292308
232052,盛馨,台南市,東區府連路351號1樓.353號1樓,06-2084002
199131,東和,台南市,東區東安路291號293號1樓,06-2087403
251721,崇明,台南市,東區林森路一段184號,06-2678084
276937,長寧,台南市,東區長榮路三段12號,06-2363597
215404,富裕,台南市,東區後甲里裕農路657號1樓,06-2091395
198600,崇學,台南市,東區崇善路168號,06-2604847
252894,崇華,台南市,東區崇善路259號1樓,06-2601426
254351,崇道,台南市,東區崇善路569、571號,06-2894813
950273,好富,台南市,東區富強里裕農路320號,06-2353005
238153,裕信,台南市,東區裕信路352號,06-3316406
194343,裕孝,台南市,東區裕農路888號1樓,06-3318916
188991,鼎亨,台南市,東區德東街101號,06-2908425
965264,裕平,台南市,東區關聖里裕信路177號1樓,06-3318240
183181,南化,台南市,南化區南化里128號1樓,06-5775209
249739,欣大林,台南市,南區大同路二段136巷3號1樓,06-2148359
195014,上鈺,台南市,南區大成路一段128號1樓,06-2631080
274816,少觀,台南市,南區大林路113號,06-2134175
182362,永成,台南市,南區佛壇里明興路1322號1樓,06-2623463
194929,金昇,台南市,南區金華路二段341號,06-2632231
968780,鯤鯓,台南市,南區南都里鯤鯓路20號,06-2648213
253510,文南,台南市,南區健康路二段268-1、270號,06-2635645
985822,國民,台南市,南區國民路152號1樓,06-2603696
255653,Fresh首府,台南市,南區開南里新和東路138號1樓,06-2632445
283371,國宅,台南市,南區新興路441號443號,06-2917993
236456,三聖,台南市,南區興南街149號1樓,06-2627396
264406,柳營,台南市,柳營區士林里柳營路二段1號3號,06-6223592
132596,將軍,台南市,將軍區長榮里長榮29之2號1樓,06-7945691
970358,麻學,台南市,麻豆區大山里8鄰大山腳1之80號,06-5704806
193432,黎營,台南市,麻豆區井東里磚子井141-21號1樓,06-5710322
968263,新曾文,台南市,麻豆區東角里興中路177號179號,06-5714049
279497,新麻豆,台南市,麻豆區榖興里11鄰中山路11號,06-5717493
133016,新P5,台南市,善化區南科九路17號(P5P6廠O棟),06-5055694
112422,晶圓,台南市,善化區南科北路1-1號(P3廠),06-5056103
167020,P1廠,台南市,善化區南科北路1之1號1樓,06-5057528
153755,P7廠,台南市,善化區南關里三抱竹路1號,06-5057202
193867,陽光城,台南市,善化區蓮潭里9鄰陽光大道198號1樓,06-5851514
242060,佳利,台南市,新化區中山路332號,06-5901180
243100,新玉,台南市,新化區忠孝路10號,06-5984549
194745,奇佳,台南市,新化區信義路373號1樓,06-5907294
285001,新興運,台南市,新化區護國里中山路211號,06-5800340
181277,三舍,台南市,新市區三舍里三舍55號,06-5894091
990075,東科,台南市,新市區三舍里大順三路125號1樓,06-5055155
993384,樹谷,台南市,新市區中心路2號1樓,06-5895647
980838,新雙新,台南市,新市區永就里中山路227號1樓,06-5892146
248828,聯電,台南市,新市區南科三路57號,06-5057638
236412,永佳,台南市,新市區復興路173.175號,06-5897463
241230,新新善,台南市,新市區復興路59號61號63號一樓,06-5014359
199027,新市,台南市,新市區華興街48號1樓,06-5896124
941936,高長,台南市,新市區新和里仁愛街169號171號,06-5012170
243177,蓁蓁,台南市,新營區太子宮140之2號1樓,06-6520830
970255,欣奇,台南市,新營區新東里東興路236號,06-6328038
167798,趣淘,台南市,楠西區密枝里密枝102之5號1樓,06-5754886
881308,超順,台南市,學甲區中正路143號,06-7831793
153744,學甲,台南市,學甲區仁得里華宗路321號,06-7835596
212140,紅瓦厝,台南市,歸仁區大成路211號1樓,06-2303294
880811,騰揮,台南市,歸仁區中正南路一段110號,06-2300846
187231,仁興,台南市,歸仁區南保里大德路307號,06-2395784
209948,東利,台南市,歸仁區南保里文化街三段47號1樓,06-2304109
183734,立青,台南市,歸仁區南保里民權南路108號,06-2391997
851064,伍誼,台南市,歸仁區復興路162之1號,06-2399459
198921,鼎鑫,台南市,關廟區中山路二段27號1樓,06-5966828
966061,車讚,台南市,關廟區北花里中正路517號,06-5954561
971018,關聖,台南市,關廟區南雄路一段471號,06-5957447
282493,坎城,高雄市,三民區十全一路183號,07-3116563
282057,大義,高雄市,三民區大昌二路123號123-1號,07-3870742
229300,連興,高雄市,三民區大連街336號1樓,07-3229400
243720,三民陽豐,高雄市,三民區大豐二路457號,07-3924794
854971,鼎力,高雄市,三民區天祥一路124號,07-3494282
197939,星展,高雄市,三民區天祥一路88號,07-3494070
228374,滿分,高雄市,三民區本安里黃興路339號,07-3819343
970761,沅興,高雄市,三民區正興里正興路121號123號,07-3828237
243258,吉江,高雄市,三民區合江街39號1樓,07-3229453
279637,達仁,高雄市,三民區吉林街68號,07-3222813
249304,理馨,高雄市,三民區明吉路9號,07-3506417
280626,灣勝,高雄市,三民區新民路101號103號105號,07-3955648
284042,清華,高雄市,三民區義華路92號,07-3927564
892375,鼎復,高雄市,三民區鼎山街566-3號,07-3848597
242336,三民鼎昌,高雄市,三民區鼎山街576之1號,07-3924764
179735,鼎上,高雄市,三民區鼎中路160號1樓,07-3494150
922496,明仁,高雄市,三民區鼎泰里明仁路8號,07-3438496
250142,河堤,高雄市,三民區鼎泰里河堤路510號,07-3410500
239709,鼎瑞,高雄市,三民區鼎泰里裕誠路56號,07-3430546
932976,鼎新,高雄市,三民區鼎新路82號86號88號1樓,07-3104545
236098,青興,高雄市,三民區熱河一街131號133號遼寧一街144巷20號,07-3220993
148063,春陽,高雄市,三民區寶珠里正忠路246號,07-3810323
279154,華社,高雄市,大社區中華路16-66號1.2樓,07-3520146
872005,山頂,高雄市,大寮區內厝路219號,07-7837610
992761,永芳,高雄市,大寮區永芳里萬丹路630號,07-7831908
238751,鳳明,高雄市,大寮區新厝里鳳林二路160號,07-7879642
280143,華秀,高雄市,小港區山明路1之36號,07-8071543
174729,樺鑫,高雄市,小港區中安路739號,07-7928411
261108,孔鳳,高雄市,小港區孔宅里高鳳路332號,07-7917717
131102,桂安,高雄市,小港區孔鳳路557號,07-7934767
114602,港后,高雄市,小港區平和路156號,07-8417962
971339,桂德,高雄市,小港區桂林里中安路428號,07-7932498
235785,觀雲,高雄市,小港區港平路29號,07-8415765
251710,順苓,高雄市,小港區漢民路381號,07-8039482
930660,宏華,高雄市,小港區漢民路829號831號1樓,07-8069912
124610,得富,高雄市,仁武區八卦里八德西路246號,07-3723458
127376,八卦寮,高雄市,仁武區大灣里八德南路497號499號1樓,07-3724588
254498,赤山,高雄市,仁武區仁孝路368號1樓,07-3747424
131582,仁樂,高雄市,仁武區仁武里仁和街36號,07-3711110
249256,尚讚,高雄市,仁武區仁雄路97-3號1樓,07-3748294
275842,仁慈,高雄市,仁武區仁慈里仁慈路169號1樓,07-7353499
256726,京中,高雄市,仁武區京富路155號,07-3743543
243487,仁武勇全,高雄市,仁武區勇全路111號1樓,07-3739249
257925,Fresh愿橋,高雄市,仁武區高楠里霞海路378號,07-3100940
242819,南橫,高雄市,六龜區寶來里中正路27號,07-6882195
154792,榮總一,高雄市,左營區大中一路386號,07-3489676
278922,重化,高雄市,左營區文自路339號1樓,07-3452488
242657,福高,高雄市,左營區文府路363之1號,07-3504475
283681,百事達,高雄市,左營區左營大路155號,07-5854682
963349,政德,高雄市,左營區政德路130號132號1F,07-3451959
263986,信科,高雄市,左營區重信路601號,07-3504964
252779,重福,高雄市,左營區重愛路215號,07-3456846
129039,速鐵,高雄市,左營區高鐵路105號2樓,07-9605706
213822,左運,高雄市,左營區高鐵路107號B1,07-5885443
164423,德昌,高雄市,左營區菜公里文自路236號238號,07-3460165
201542,彩虹市集,高雄市,左營區菜公里高鐵路115號1樓,07-3507294
185512,立文,高雄市,左營區新上里立文路77號1樓,07-5509725
952969,重和,高雄市,左營區福山里自由四路171號,07-3453508
211000,文恩,高雄市,左營區福山里自由四路496號,07-3494916
184900,文慈,高雄市,左營區福山里重愛路63號65號67號1樓,07-3478545
177108,重惠,高雄市,左營區福山里華夏路1152號1樓,07-3457904
122625,仁富,高雄市,岡山區大仁路138號,07-6213744
174361,園中,高雄市,林園區中門里中門路15-1號,07-6437338
235394,艾文,高雄市,林園區東林西路99號101號全部,07-6414848
280006,富田,高雄市,林園區林園北路477號1樓,07-6411294
259633,文武,高雄市,前金區七賢二路203號1樓,07-2166193
249555,龍客,高雄市,前金區大同二路1號,07-2158324
162667,長生,高雄市,前金區五福三路54號,07-2610818
277594,自強,高雄市,前金區自強二路39號,07-2515634
249223,新盛,高雄市,前金區草江里七賢二路193號193-1號193-2號1樓,07-2871936
285506,愛河,高雄市,前金區博孝里河東路8號1樓,07-2414252
265513,文東,高雄市,前金區新田路226號228號,07-2169478
286451,長權,高雄市,前鎮區民權二路380號1樓,07-3318790
258504,慶華,高雄市,前鎮區光華二路393號1樓,07-3381564
278287,竹中,高雄市,前鎮區和平二路242號1樓,07-7222801
273466,亞新灣,高雄市,前鎮區林森四路255號,07-5362832
916402,達家,高雄市,前鎮區草衙里草衙二路407號409號411號1樓,07-8132874
254465,高雄,高雄市,前鎮區復興三路116號,07-3367915
239477,鑫愛群,高雄市,前鎮區復興三路435號437號,07-3340695
153858,京明,高雄市,前鎮區瑞北路54號1樓及B1,07-7260457
233790,德倉,高雄市,前鎮區德昌路209號213號,07-8125075
981093,新光和,高雄市,前鎮區鄭和南路307號309號,07-5367297
290210,夢時代二,高雄市,前鎮區興邦里中華五路789號7樓,07-8417102
283566,康德,高雄市,前鎮區鎮興路8號1樓,07-8413825
261201,文化,高雄市,苓雅區五福一路77號1樓,07-2234405
238887,正心,高雄市,苓雅區正大里輔仁路145號1樓,07-7224176
115889,武漢,高雄市,苓雅區武漢街72號,07-7214004
130545,青雅,高雄市,苓雅區青年一路6之8及6之9號,07-2233056
281168,中仁,高雄市,苓雅區興中二路38號1樓,07-3387403
914347,興達,高雄市,茄萣區茄萣路一段350號,07-6908629
967503,正港,高雄市,梓官區智蚵里中正路186號,07-6106594
279132,美麗島,高雄市,新興區中山一路115號(美麗島站內),07-2361722
278276,尚義,高雄市,新興區中正二路218號1樓,07-2236482
279604,正達,高雄市,新興區中正三路45號1樓,07-2236459
262411,新三華,高雄市,新興區中東里復興一路72號1樓,07-2368423
279316,崛星,高雄市,新興區五福二路209.211號,07-2819071
260839,合莊,高雄市,新興區六合二路37號,07-2854332
263610,文漾,高雄市,新興區文橫二路164-1號.164-2號,07-2815281
238452,新球庭,高雄市,新興區林森一路162號,07-2414062
253864,寶成,高雄市,新興區青年一路220號,07-2822363
255077,復橫,高雄市,新興區復興一路28號30號32號1樓,07-2268701
284363,清漢,高雄市,新興區德望里民生一路154號1樓,07-2222403
286026,友福,高雄市,楠梓區土庫三路25號1樓,07-3535984
275794,新楠梓,高雄市,楠梓區中陽里楠梓新路188號188-1號1樓,07-3524954
230241,勁援,高雄市,楠梓區中興里大學西路62號大學二街102號,07-3644589
275222,樂民,高雄市,楠梓區加昌里壽民路60號1樓,07-3634607
237024,新加昌,高雄市,楠梓區加昌路275.277號,07-3644425
283706,盛田,高雄市,楠梓區享平里興楠路326號,07-3519446
232753,新後勁,高雄市,楠梓區後昌路139-1號,07-5910659
197250,慶昌,高雄市,楠梓區後昌路722號1樓慶昌街2-1號1樓,07-3680748
881685,校和,高雄市,楠梓區軍校路658號,07-3012204
198002,德民,高雄市,楠梓區海專路400號,07-3010218
167547,欣清心,高雄市,楠梓區清豐二路16號,07-3533490
198965,常德,高雄市,楠梓區清豐里常德路287號,07-3532424
232144,太子城,高雄市,楠梓區楠梓路263號265號267號,07-3536760
253749,惠豐,高雄市,楠梓區壽豐路517號519號521號,07-3601727
131478,惠民,高雄市,楠梓區翠屏里惠民路88號1樓,07-3643954
261980,好事登,高雄市,楠梓區鳳楠路235號朝明路233號,07-3526754
913067,廣昌,高雄市,楠梓區廣昌里廣昌街140號,07-3608353
281629,興泰,高雄市,楠梓區德民路1208號,07-3647540
960133,亞新,高雄市,楠梓區樂群路76號,07-3659953
111832,新後昌,高雄市,楠梓區錦屏里後昌路115號1樓,07-3646497
932172,路園,高雄市,路竹區下坑里太平路342-2號,07-6952504
254018,路好,高雄市,路竹區大社路162號,07-6964450
242222,路金,高雄市,路竹區金平路418-1號,07-6966755
211664,享順,高雄市,鼓山區明華路335號337號,07-5522439
237884,海青,高雄市,鼓山區青海路641號1樓,07-5219140
281939,富農,高雄市,鼓山區南屏路857號,07-5224661
231152,福賜,高雄市,鼓山區美明路88號,07-5525473
182904,人田,高雄市,鼓山區美術東二路7號,07-5524392
273260,美武,高雄市,鼓山區美術南二路137號,07-5522647
210410,光化,高雄市,鼓山區鼓山二路33號,07-5316841
252931,銀川,高雄市,鼓山區鼓山三路8-25號1樓,07-5313970
177555,順德,高雄市,鼓山區龍子里大順一路860號1樓,07-5538510
276878,誠美,高雄市,鼓山區龍子里裕誠路2080號,07-5525694
273271,高美,高雄市,鼓山區龍水里美術東二路181號,07-5224427
210959,龍順,高雄市,鼓山區龍德路87號,07-5523961
262905,哨臨,高雄市,鼓山區臨海二路52號1樓52-1號1樓,07-5310489
278346,旗山,高雄市,旗山區中山路72號,07-6615807
993177,永久,高雄市,旗山區延平一路446號1樓,07-6622531
911108,新林眾,高雄市,旗山區延平一路78-1號,07-6624077
239189,旗津,高雄市,旗津區海岸路9號,07-5719252
249290,瑞竹,高雄市,鳳山區中山東路209-1及209-2號1樓,07-7407954
854443,中東,高雄市,鳳山區中山東路88號1樓仁愛路65號1樓,07-7439740
255550,鳳凌,高雄市,鳳山區中山路223.225.227號,07-7405747
281319,鳳和,高雄市,鳳山區中和里自由路202號204號206號,07-7990060
942755,翔富,高雄市,鳳山區文德里濱山街12號1樓,07-7805459
190019,青文,高雄市,鳳山區文衡里文衡路343號,07-7776482
207481,甲智,高雄市,鳳山區甲智路103號,07-7924107
202165,協和,高雄市,鳳山區自由路229號2樓231號1樓2樓,07-7102783
278793,俊瑋,高雄市,鳳山區忠義里光復路一段193號,07-7410481
228536,超全,高雄市,鳳山區海洋一路31號1樓,07-7675762
996589,海新,高雄市,鳳山區國隆里新富路590巷13號15號,07-7659203
275912,工協,高雄市,鳳山區埤頂里建國路一段79號1樓,07-7020916
251259,鳳新,高雄市,鳳山區新康街241號243號245號1樓,07-7675107
275532,大強,高雄市,鳳山區新強里大明路193號,07-7659211
263193,來家,高雄市,鳳山區新強里崗山北街36號38號1樓,07-7224077
262846,瑞順,高雄市,鳳山區瑞興路216號1樓,07-7194697
953869,牛潮埔,高雄市,鳳山區鎮北里鳳北路60之17號,07-7356353
135746,新保泰,高雄市,鳳山區鎮南里龍成路242-1號,07-7684815
282725,橋鄰,高雄市,橋頭區仕隆里成功南路151號1樓,07-6112945
280338,甲圍,高雄市,橋頭區甲北里甲圍路71號,07-6130787
253048,彌盛,高雄市,彌陀區中正路246號,07-6106141
253059,彌安,高雄市,彌陀區文安路1-1號1樓1-2號1樓,07-6197931
275266,重義,高雄市,鹽埕區五福四路83號,07-5218483
121965,客宭,高雄市,鹽埕區建國四路312號,07-5211715
171018,鑫漢王,高雄市,鹽埕區港都里五福四路265號1樓,07-5215375
122810,三多利,屏東縣,九如鄉大坵村九如路三段56號1樓,08-7750032
264495,學廣,屏東縣,內埔鄉內埔村廣濟路2-6號,08-7788579
930659,學興,屏東縣,內埔鄉和興村學人路590.592號1樓,08-7798902
285229,順越,屏東縣,內埔鄉南寧路19、21號,08-7789176
188234,念楨,屏東縣,內埔鄉黎明村黎東路221號1樓,08-7708081
235796,學美,屏東縣,內埔鄉學人路321-1號,08-8849216
181129,新中勝,屏東縣,內埔鄉龍潭村昭勝路13.15號1樓,08-7707202
261577,鼎東,屏東縣,東港鎮興東里中正路二段491號1樓,08-8325165
116789,鎮海,屏東縣,東港鎮鎮海路1-100號1-26號1樓,08-8326154
266309,海豚灣,屏東縣,枋山鄉坊山村中山路三段61-3號1樓,08-8761758
235545,飛米,屏東縣,枋寮鄉勝利路9號,08-8716972
279349,長治,屏東縣,長治鄉新潭村長興路13號1樓,08-7377784
903794,南州,屏東縣,南州鄉溪南村三民路171號,08-8647408
282862,公裕,屏東縣,屏東市北興里廣東路818號,08-7329938
251695,崇武,屏東縣,屏東市崇武里華盛街5-6號,08-7511963
201461,欣欣鼎,屏東縣,屏東市崇蘭里自由路666號1樓,08-7339511
126269,崇蘭,屏東縣,屏東市廣東路1588、1590、1592號1樓,08-7337084
189134,廣吉,屏東縣,屏東市廣東路991之1、991之2號1樓,08-7328572
910677,吉春,屏東縣,恆春鎮山腳里環城南路60號,08-8898264
110275,家的,屏東縣,恆春鎮城南里中正路67號1樓,08-8881053
208314,恆好,屏東縣,恆春鎮恆南路70-1號,08-8881553
268213,墾丁,屏東縣,恆春鎮墾丁路60號62號,08-8862449
184173,鵝鑾鼻,屏東縣,恆春鎮鵝鑾里鵝鑾路245.247.249.257號,08-8851632
122382,白燈塔,屏東縣,琉球鄉三民區大福村中正路303之2號1樓,08-8612496
892113,小琉球,屏東縣,琉球鄉本福村民生路61號,08-8614309
130291,永盛,屏東縣,鹽埔鄉鹽中村勝利路81之3號,08-7931503
199566,麗騰,宜蘭縣,三星鄉三星路一段586號,03-9897137
913300,杰昇,宜蘭縣,五結鄉二結路107號1樓,03-9654642
260529,親河,宜蘭縣,五結鄉親河路二段109.111.113號,03-9507917
208439,安農,宜蘭縣,冬山鄉長春路128號,03-9532658
217075,詠淇,宜蘭縣,冬山鄉香和村冬山路一段725號,03-9596549
256117,冬山武淵,宜蘭縣,冬山鄉富農路二段276號1+2樓,03-9505331
196671,永義,宜蘭縣,冬山鄉義成路三段195號1樓,03-9589042
882644,義成,宜蘭縣,冬山鄉義成路三段2號1樓永興路一段452號1樓,03-9580078
228145,永鎮,宜蘭縣,壯圍鄉壯濱路四段373號373之1號1樓,03-9309121
208945,壯美,宜蘭縣,壯圍鄉美功路一段40巷1號,03-9309346
234829,龍坡,宜蘭縣,宜蘭市大坡路一段111號113號,03-9280944
122120,騰豪,宜蘭縣,宜蘭市大坡路二段215號217號1樓,03-9288578
113399,伍富,宜蘭縣,宜蘭市女中路三段26-6號26-7號26-8號,03-9365457
216038,同慶,宜蘭縣,宜蘭市中山路三段203號205號207號1樓,03-9320912
211457,承莊,宜蘭縣,宜蘭市中山路五段148號,03-9288381
233228,謙和,宜蘭縣,宜蘭市民族路461號463號1樓,03-9325981
236711,宜莊,宜蘭縣,宜蘭市光復路26號,03-9333660
130730,壯五,宜蘭縣,宜蘭市東港路一段213號1樓,03-9373467
286196,東道,宜蘭縣,宜蘭市東港路一段575號,03-9374614
264912,農專,宜蘭縣,宜蘭市神農路一段96號98號,03-9355846
242059,鎮新,宜蘭縣,宜蘭市進士路二段406號,03-9333029
132895,滿冠,宜蘭縣,宜蘭市新興路68號1樓,03-9330864
265339,員泉,宜蘭縣,員山鄉溫泉路1之27號1之28號1樓,03-9229705
255424,纘祥,宜蘭縣,頭城鎮民鋒路18號20號,03-9774578
258375,二城,宜蘭縣,頭城鎮青雲路一段476號,03-9778847
167824,泉湧,宜蘭縣,礁溪鄉玉石村溫泉路15鄰85號1樓,03-9876652
112938,圓達,宜蘭縣,礁溪鄉礁溪路七段65號69號,03-9874660
242369,詠富,宜蘭縣,礁溪鄉礁溪路五段152號1樓,03-9873209
981392,湯圍,宜蘭縣,礁溪鄉礁溪路五段51號,03-9883627
236700,潤霖,宜蘭縣,羅東鎮公正路136號1樓,03-9542776
249452,金站,宜蘭縣,羅東鎮公正路31號1樓,03-9531183
284628,羅高,宜蘭縣,羅東鎮公正路357號359號,03-9518247
977418,宜泰,宜蘭縣,羅東鎮公園路100號1樓,03-9572315
111201,徠一,宜蘭縣,羅東鎮培英路98號100號,03-9615630
970233,宣宏,宜蘭縣,羅東鎮復興路二段257號,03-9558424
201036,新羅興,宜蘭縣,羅東鎮興東路23之2號1樓2樓,03-9573130
209133,蘇澳,宜蘭縣,蘇澳鎮中山路一段66號,03-9963916
882655,南方澳,宜蘭縣,蘇澳鎮江夏路27號,03-9951870
921183,蘇澳港,宜蘭縣,蘇澳鎮蘇東中路4號,03-9955466
236364,九容,宜蘭縣,蘇澳鎮蘇濱路二段251號253號,03-9908701
187998,振盟,宜蘭縣,蘇澳鎮蘇濱路二段302號,03-9907994
153375,玉里,花蓮縣,玉里鎮中山路二段90號1樓,03-8880248
174305,樂合,花蓮縣,玉里鎮樂合里新民路13-1號,03-8980204
196626,吉華,花蓮縣,吉安鄉中華路二段172號,03-8544491
151276,蓮恆,花蓮縣,吉安鄉北昌村建國路一段49號51號,03-8580885
967558,富翔,花蓮縣,吉安鄉東昌村海岸路77號,03-8523437
206949,蓮和,花蓮縣,秀林鄉和平村和平263號(台泥和平廠),03-8681249
872382,蓮美,花蓮縣,花蓮市中美路209號,03-8227819
943725,長勝,花蓮縣,花蓮市中美路83-1號83-2號,03-8239707
212391,權營,花蓮縣,花蓮市民權路25之1號25之2號25之3號1樓,03-8315692
235969,福旺,花蓮縣,花蓮市和平路259號,03-8315654
980137,鑫盈佳,花蓮縣,花蓮市林森路258號1樓,03-8357526
954437,祥祐,花蓮縣,新城鄉順安村北三棧119之6號,03-8610548
880671,志學,花蓮縣,壽豐鄉志學村7鄰中山路三段6號,03-8661330
954574,東樂,台東縣,台東市山西路一段330號,089-229434
888099,東漢,台東縣,台東市正氣北路182號,089-357252
160188,仁毅,台東縣,台東市馬蘭里新生路680號682號684號1樓,089-239371
235707,東宜,台東縣,台東市開封街586號,089-347642
258445,東廣,台東縣,台東市傳廣路492號1樓,089-232915
122957,關山,台東縣,關山鎮和平路4號4之1號1樓,089-812792
188201,跨海,澎湖縣,西嶼鄉合界村3-1號,06-9983218
257257,馬公三多,澎湖縣,馬公市三多路99號1樓,06-9267596
930545,新台澎,澎湖縣,馬公市中正路85號,06-9263856
120467,文澳,澎湖縣,馬公市文山路53號1樓,06-9217471
922201,文光,澎湖縣,馬公市光榮里三多路338號,06-9276453
900762,西衛,澎湖縣,馬公市光榮里光復路297號,06-9276457
209476,海藍,澎湖縣,馬公市西文澳118-3號,069-219135
941202,澎技,澎湖縣,馬公市朝陽里三多路45號,06-9264367
113506,揚光,澎湖縣,馬公市陽明里中華路175號1樓,06-9267812
151391,鎖港,澎湖縣,馬公市鎖港里鎖管港段1439號,06-9953089
181750,馬航,澎湖縣,湖西鄉隘門村126之5號1樓(馬公航空站一樓航廈),06-9228847
970059,新沙美,金門縣,金沙鎮汶沙里國中路2號,082-355723
281179,金石,金門縣,金城鎮民權路192號196號1樓,082-323642
882921,金亮,金門縣,金城鎮民權路73號1F2F75號1F2F光前路85-2號1F85-3號1F,082-371831
255055,金生,金門縣,金城鎮西門里民生路67.69號,082-322784
210351,金門醫院,金門縣,金湖鎮復興路2-1號1樓,082-336385
263078,新再發,金門縣,金湖鎮復興路8號10號,082-334313
194192,鈦湖,金門縣,金湖鎮新市里太湖路二段217號1樓,082-334638
237851,金央,金門縣,金寧鄉伯玉路一段222之8號1樓,082-321424
241263,下埔下,金門縣,金寧鄉慈湖路一段69.71號,082-329374
970820,金寧,金門縣,金寧鄉環島北路一段711號,082-321534
250348,塘岐,連江縣,北竿鄉塘岐村219號,083-655554
206617,山隴,連江縣,南竿鄉介壽村232號233號284號,083-625711